Reg,Regulator,TargetGene,Weight,Module,RegulatorBiotype,TargetBiotype
YKL106C-A_YEL032C-A,YKL106C-A,YEL032C-A,0.0902273032887603,1,protein_coding,protein_coding
YKL106C-A_snR18,YKL106C-A,snR18,0.0813876563381492,1,protein_coding,snoRNA
YKL106C-A_YOR302W,YKL106C-A,YOR302W,0.0556867835179548,1,protein_coding,protein_coding
YEL032C-A_YKL106C-A,YEL032C-A,YKL106C-A,0.0887114432772751,1,protein_coding,protein_coding
YEL032C-A_snR18,YEL032C-A,snR18,0.122393887507261,1,protein_coding,snoRNA
YEL032C-A_YCR038W-A,YEL032C-A,YCR038W-A,0.0555595943790779,1,protein_coding,protein_coding
YEL032C-A_YDL061C,YEL032C-A,YDL061C,0.0699669379000501,1,protein_coding,protein_coding
YEL032C-A_YML129C,YEL032C-A,YML129C,0.0697964699156126,1,protein_coding,protein_coding
YEL032C-A_snR128,YEL032C-A,snR128,0.0647968532841586,1,protein_coding,snoRNA
YEL032C-A_tV(AAC)O,YEL032C-A,tV(AAC)O,0.152636017702119,1,protein_coding,tRNA
YEL032C-A_YMR272W-A,YEL032C-A,YMR272W-A,0.103543177363726,1,protein_coding,protein_coding
YEL032C-A_YCR047W-A,YEL032C-A,YCR047W-A,0.0526784396375635,1,protein_coding,protein_coding
YEL032C-A_snR39,YEL032C-A,snR39,0.129739214604677,1,protein_coding,snoRNA
snR77_YEL032C-A,snR77,YEL032C-A,0.0746981281133922,1,snoRNA,protein_coding
snR77_YDL184C,snR77,YDL184C,0.0552134838661273,1,snoRNA,protein_coding
snR77_YMR272W-A,snR77,YMR272W-A,0.0727144412407822,1,snoRNA,protein_coding
YGR068W-A_YDL232W,YGR068W-A,YDL232W,0.0558847795868659,1,protein_coding,protein_coding
YDL232W_YKL106C-A,YDL232W,YKL106C-A,0.0522570169818648,1,protein_coding,protein_coding
YDL232W_YGR068W-A,YDL232W,YGR068W-A,0.0561212164854434,1,protein_coding,protein_coding
YDL232W_snR64,YDL232W,snR64,0.0606839464006097,1,protein_coding,snoRNA
YDL232W_YHL015W-A,YDL232W,YHL015W-A,0.0507777536102989,1,protein_coding,protein_coding
snR18_tV(AAC)O,snR18,tV(AAC)O,0.142668228203284,1,snoRNA,tRNA
snR18_snR39,snR18,snR39,0.184635135738049,1,snoRNA,snoRNA
snR87_YBR141W-A,snR87,YBR141W-A,0.136998116244712,1,snoRNA,protein_coding
YEL008C-A_snR87,YEL008C-A,snR87,0.0753840609719758,1,protein_coding,snoRNA
YEL008C-A_snR67,YEL008C-A,snR67,0.0880568735262458,1,protein_coding,snoRNA
YEL008C-A_YJR151W-A,YEL008C-A,YJR151W-A,0.0886972846866964,1,protein_coding,protein_coding
YEL008C-A_YBR141W-A,YEL008C-A,YBR141W-A,0.141034651032608,1,protein_coding,protein_coding
YEL008C-A_snR55,YEL008C-A,snR55,0.0514599036409749,1,protein_coding,snoRNA
YEL008C-A_snR39,YEL008C-A,snR39,0.136829520694494,1,protein_coding,snoRNA
YEL008C-A_snR39B,YEL008C-A,snR39B,0.0777703558769301,1,protein_coding,snoRNA
snR64_YDL232W,snR64,YDL232W,0.0619074992803541,1,snoRNA,protein_coding
YNL097W-A_YMR272W-A,YNL097W-A,YMR272W-A,0.0670875913631826,1,protein_coding,protein_coding
YKL156C-A_YGR068W-A,YKL156C-A,YGR068W-A,0.0634579028322717,1,protein_coding,protein_coding
YKL156C-A_tV(AAC)O,YKL156C-A,tV(AAC)O,-0.129252694365706,1,protein_coding,tRNA
YKL156C-A_snR74,YKL156C-A,snR74,0.0587893497025457,1,protein_coding,snoRNA
YKL156C-A_YDL133C-A,YKL156C-A,YDL133C-A,0.0769247255449694,1,protein_coding,protein_coding
YKL156C-A_snR59,YKL156C-A,snR59,0.0797147802632168,1,protein_coding,snoRNA
YKL156C-A_snR79,YKL156C-A,snR79,0.164771724461293,1,protein_coding,snoRNA
YKL156C-A_YLR154W-F,YKL156C-A,YLR154W-F,0.0937051107779391,1,protein_coding,protein_coding
snR128_snR18,snR128,snR18,0.0624366180866404,1,snoRNA,snoRNA
tV(AAC)O_YEL032C-A,tV(AAC)O,YEL032C-A,0.152543631460266,1,tRNA,protein_coding
tV(AAC)O_snR18,tV(AAC)O,snR18,0.149680905388247,1,tRNA,snoRNA
tV(AAC)O_YDL061C,tV(AAC)O,YDL061C,0.0798581798191602,1,tRNA,protein_coding
tV(AAC)O_snR76,tV(AAC)O,snR76,-0.0844201752243906,1,tRNA,snoRNA
tV(AAC)O_YML129C,tV(AAC)O,YML129C,0.0781617981924773,1,tRNA,protein_coding
tV(AAC)O_snR69,tV(AAC)O,snR69,0.0768056096844532,1,tRNA,snoRNA
tV(AAC)O_tF(GAA)Q,tV(AAC)O,tF(GAA)Q,0.0712990339754932,1,tRNA,tRNA
tV(AAC)O_YKL156C-A,tV(AAC)O,YKL156C-A,-0.129854725440117,1,tRNA,protein_coding
tV(AAC)O_snR128,tV(AAC)O,snR128,0.0751222936691963,1,tRNA,snoRNA
tV(AAC)O_snR74,tV(AAC)O,snR74,-0.0681263936325118,1,tRNA,snoRNA
tV(AAC)O_YDL184C,tV(AAC)O,YDL184C,0.0981956032965751,1,tRNA,protein_coding
tV(AAC)O_YDL133C-A,tV(AAC)O,YDL133C-A,-0.0872500626909309,1,tRNA,protein_coding
tV(AAC)O_tN(GUU)Q,tV(AAC)O,tN(GUU)Q,0.0531715069944509,1,tRNA,tRNA
tV(AAC)O_snR65,tV(AAC)O,snR65,0.0580854504551541,1,tRNA,snoRNA
tV(AAC)O_YDR371C-A,tV(AAC)O,YDR371C-A,-0.0590548066551637,1,tRNA,protein_coding
tV(AAC)O_tE(UUC)M,tV(AAC)O,tE(UUC)M,-0.0682941490004258,1,tRNA,tRNA
tV(AAC)O_snR39,tV(AAC)O,snR39,0.16580514563389,1,tRNA,snoRNA
tV(AAC)O_snR79,tV(AAC)O,snR79,-0.174470772487582,1,tRNA,snoRNA
YDL133C-A_YKL156C-A,YDL133C-A,YKL156C-A,0.0777867088798942,1,protein_coding,protein_coding
snR40_snR87,snR40,snR87,0.0506167064594675,1,snoRNA,snoRNA
YMR272W-A_YKL106C-A,YMR272W-A,YKL106C-A,0.0668940959708187,1,protein_coding,protein_coding
YMR272W-A_YEL032C-A,YMR272W-A,YEL032C-A,0.10692570977958,1,protein_coding,protein_coding
YMR272W-A_snR77,YMR272W-A,snR77,0.0672348607414998,1,protein_coding,snoRNA
YMR272W-A_YLR402W,YMR272W-A,YLR402W,0.0536698278431665,1,protein_coding,protein_coding
YMR272W-A_YDL061C,YMR272W-A,YDL061C,0.0521899410976126,1,protein_coding,protein_coding
YMR272W-A_YML129C,YMR272W-A,YML129C,0.0575200576715147,1,protein_coding,protein_coding
YMR272W-A_YNL097W-A,YMR272W-A,YNL097W-A,0.064346815182165,1,protein_coding,protein_coding
YMR272W-A_YOR302W,YMR272W-A,YOR302W,0.0543943665306757,1,protein_coding,protein_coding
YMR272W-A_YLR399W-A,YMR272W-A,YLR399W-A,0.0565453010218413,1,protein_coding,protein_coding
snR67_YEL008C-A,snR67,YEL008C-A,0.0915328907353989,1,snoRNA,protein_coding
snR67_YJR151W-A,snR67,YJR151W-A,0.104588263983225,1,snoRNA,protein_coding
snR67_YBR141W-A,snR67,YBR141W-A,0.158590382797123,1,snoRNA,protein_coding
snR67_snR55,snR67,snR55,0.0578311763257477,1,snoRNA,snoRNA
snR67_snR39B,snR67,snR39B,0.0833717246672516,1,snoRNA,snoRNA
snR67_snR79,snR67,snR79,0.142046096788779,1,snoRNA,snoRNA
YPL189C-A_YLR154W-F,YPL189C-A,YLR154W-F,0.0635546941308252,1,protein_coding,protein_coding
YOR302W_YKL106C-A,YOR302W,YKL106C-A,0.0554096881835268,1,protein_coding,protein_coding
YOR302W_YEL032C-A,YOR302W,YEL032C-A,0.0736036599413109,1,protein_coding,protein_coding
YJR151W-A_snR67,YJR151W-A,snR67,0.0912099885128904,1,protein_coding,snoRNA
YJR151W-A_YER053C-A,YJR151W-A,YER053C-A,-0.0979345136324054,1,protein_coding,protein_coding
YJR151W-A_snR79,YJR151W-A,snR79,0.133186143768076,1,protein_coding,snoRNA
YBR141W-A_YDL232W,YBR141W-A,YDL232W,0.138391754413908,1,protein_coding,protein_coding
YBR141W-A_snR87,YBR141W-A,snR87,0.133469797220712,1,protein_coding,snoRNA
YBR141W-A_snR67,YBR141W-A,snR67,0.161466021650322,1,protein_coding,snoRNA
YBR141W-A_YER090C-A,YBR141W-A,YER090C-A,0.0535837965776556,1,protein_coding,protein_coding
YBR141W-A_snR24,YBR141W-A,snR24,0.069319165377894,1,protein_coding,snoRNA
YBR141W-A_YJR151W-A,YBR141W-A,YJR151W-A,0.154667508904127,1,protein_coding,protein_coding
YBR141W-A_YLR163W-A,YBR141W-A,YLR163W-A,0.0597675345997603,1,protein_coding,protein_coding
YBR141W-A_snR55,YBR141W-A,snR55,0.0942793208990966,1,protein_coding,snoRNA
YBR141W-A_YKL100W-A,YBR141W-A,YKL100W-A,0.107336243603813,1,protein_coding,protein_coding
YBR141W-A_snR39,YBR141W-A,snR39,0.182206953171022,1,protein_coding,snoRNA
YBR141W-A_snR39B,YBR141W-A,snR39B,0.132577706161133,1,protein_coding,snoRNA
YBR141W-A_snR79,YBR141W-A,snR79,0.227505042119538,1,protein_coding,snoRNA
YER053C-A_YPR182W,YER053C-A,YPR182W,0.0750002722882093,1,protein_coding,protein_coding
YER053C-A_snR77,YER053C-A,snR77,0.0758389584888497,1,protein_coding,snoRNA
YER053C-A_YJL136W-A,YER053C-A,YJL136W-A,0.0551489433701347,1,protein_coding,protein_coding
YER053C-A_YEL008C-A,YER053C-A,YEL008C-A,-0.0838170284710588,1,protein_coding,protein_coding
YER053C-A_YJL127W-A,YER053C-A,YJL127W-A,0.0522688147061387,1,protein_coding,protein_coding
YER053C-A_YDR276C,YER053C-A,YDR276C,0.0511592868749627,1,protein_coding,protein_coding
YER053C-A_YLR154W-E,YER053C-A,YLR154W-E,0.0693569489762349,1,protein_coding,protein_coding
YER053C-A_YNL097W-A,YER053C-A,YNL097W-A,0.0623504070325326,1,protein_coding,protein_coding
YER053C-A_tG(UCC)G,YER053C-A,tG(UCC)G,0.055936490059273,1,protein_coding,tRNA
YER053C-A_YDL184C,YER053C-A,YDL184C,0.0657380854789348,1,protein_coding,protein_coding
YER053C-A_YMR272W-A,YER053C-A,YMR272W-A,0.0964531600192596,1,protein_coding,protein_coding
YER053C-A_snR75,YER053C-A,snR75,0.0717752831771463,1,protein_coding,snoRNA
YER053C-A_snR67,YER053C-A,snR67,-0.0867471444075826,1,protein_coding,snoRNA
YER053C-A_snR50,YER053C-A,snR50,0.0640706015047426,1,protein_coding,snoRNA
YER053C-A_YJR151W-A,YER053C-A,YJR151W-A,-0.114455084980053,1,protein_coding,protein_coding
YER053C-A_snR59,YER053C-A,snR59,0.0881972620913958,1,protein_coding,snoRNA
YER053C-A_snR39B,YER053C-A,snR39B,-0.074254721861858,1,protein_coding,snoRNA
YER053C-A_YCR024C-A,YER053C-A,YCR024C-A,0.0924411811544112,1,protein_coding,protein_coding
YER053C-A_YLR154W-F,YER053C-A,YLR154W-F,0.0795615348860244,1,protein_coding,protein_coding
YER053C-A_YLR399W-A,YER053C-A,YLR399W-A,0.0627033876781314,1,protein_coding,protein_coding
snR59_YKL156C-A,snR59,YKL156C-A,0.0762178124069282,1,snoRNA,protein_coding
snR59_YER053C-A,snR59,YER053C-A,0.0917837696401707,1,snoRNA,protein_coding
snR59_YLR154W-F,snR59,YLR154W-F,0.0837466485438149,1,snoRNA,protein_coding
snR39_YKL106C-A,snR39,YKL106C-A,0.0949716232851354,1,snoRNA,protein_coding
snR39_snR18,snR39,snR18,0.180879785450929,1,snoRNA,snoRNA
snR39_YCR038W-A,snR39,YCR038W-A,0.0724606405172636,1,snoRNA,protein_coding
snR39_snR87,snR39,snR87,0.114000106299134,1,snoRNA,snoRNA
snR39_YEL008C-A,snR39,YEL008C-A,0.145103336227614,1,snoRNA,protein_coding
snR39_snR128,snR39,snR128,0.0766713962985261,1,snoRNA,snoRNA
snR39_tV(AAC)O,snR39,tV(AAC)O,0.157929672474916,1,snoRNA,tRNA
snR39_tE(UUC)Q,snR39,tE(UUC)Q,-0.0794409804958683,1,snoRNA,tRNA
snR39_snR40,snR39,snR40,0.0878165387297872,1,snoRNA,snoRNA
snR39_tA(UGC)Q,snR39,tA(UGC)Q,-0.059510077536242,1,snoRNA,tRNA
snR39_YOR302W,snR39,YOR302W,0.0869469222584387,1,snoRNA,protein_coding
snR39_YKR057W,snR39,YKR057W,0.0510274311968408,1,snoRNA,protein_coding
snR39_YDL067C,snR39,YDL067C,0.0606729878375622,1,snoRNA,protein_coding
snR39_YBR141W-A,snR39,YBR141W-A,0.190171913258735,1,snoRNA,protein_coding
snR39_YER053C-A,snR39,YER053C-A,-0.102013473813166,1,snoRNA,protein_coding
snR39_tN(GUU)Q,snR39,tN(GUU)Q,0.0624159549679915,1,snoRNA,tRNA
snR39_tR(CCU)J,snR39,tR(CCU)J,0.088896439238247,1,snoRNA,tRNA
snR39_snR55,snR39,snR55,0.0681433361841691,1,snoRNA,snoRNA
snR39_snR59,snR39,snR59,-0.107466459885162,1,snoRNA,snoRNA
snR39_YCR047W-A,snR39,YCR047W-A,0.0693165718182637,1,snoRNA,protein_coding
snR39_tE(UUC)M,snR39,tE(UUC)M,-0.0710246059392477,1,snoRNA,tRNA
snR39_snR39B,snR39,snR39B,0.110162188339509,1,snoRNA,snoRNA
snR39_YBR126W-A,snR39,YBR126W-A,0.0637734416998907,1,snoRNA,protein_coding
YHL015W-A_YDL232W,YHL015W-A,YDL232W,0.057544962268648,1,protein_coding,protein_coding
snR39B_snR87,snR39B,snR87,0.0643238939325378,1,snoRNA,snoRNA
YCR024C-A_YMR272W-A,YCR024C-A,YMR272W-A,0.0688917225792544,1,protein_coding,protein_coding
YCR024C-A_YER053C-A,YCR024C-A,YER053C-A,0.0939787738165906,1,protein_coding,protein_coding
snR79_YOR161W-A,snR79,YOR161W-A,0.0985403543863548,1,snoRNA,protein_coding
snR79_YGR068W-A,snR79,YGR068W-A,0.0942919535533755,1,snoRNA,protein_coding
snR79_YDL232W,snR79,YDL232W,0.133760110897819,1,snoRNA,protein_coding
snR79_snR64,snR79,snR64,0.114715444075777,1,snoRNA,snoRNA
snR79_snR66,snR79,snR66,0.116881346926491,1,snoRNA,snoRNA
snR79_YKL156C-A,snR79,YKL156C-A,0.170265216364629,1,snoRNA,protein_coding
snR79_tV(AAC)O,snR79,tV(AAC)O,-0.174231379164368,1,snoRNA,tRNA
snR79_snR74,snR79,snR74,0.0865477697307854,1,snoRNA,snoRNA
snR79_YDL184C,snR79,YDL184C,-0.12609358827767,1,snoRNA,protein_coding
snR79_YDL133C-A,snR79,YDL133C-A,0.113737305877343,1,snoRNA,protein_coding
snR79_YEL017C-A,snR79,YEL017C-A,0.0766966490119475,1,snoRNA,protein_coding
snR79_snR67,snR79,snR67,0.148025025395861,1,snoRNA,snoRNA
snR79_YMR182W-A,snR79,YMR182W-A,0.0708009121555635,1,snoRNA,protein_coding
snR79_YJR151W-A,snR79,YJR151W-A,0.153402904913179,1,snoRNA,protein_coding
snR79_YBR141W-A,snR79,YBR141W-A,0.224815086636015,1,snoRNA,protein_coding
snR79_YHR032C-A,snR79,YHR032C-A,0.0510795943223973,1,snoRNA,protein_coding
snR79_YLR163W-A,snR79,YLR163W-A,0.0642551143580692,1,snoRNA,protein_coding
snR79_snR55,snR79,snR55,0.0806829267906619,1,snoRNA,snoRNA
snR79_YKL100W-A,snR79,YKL100W-A,0.119215732690753,1,snoRNA,protein_coding
snR79_YJL077W-A,snR79,YJL077W-A,0.0657199708964791,1,snoRNA,protein_coding
snR79_YLR299C-A,snR79,YLR299C-A,0.0871669272219442,1,snoRNA,protein_coding
YLR154W-F_YPR182W,YLR154W-F,YPR182W,0.059589797283293,1,protein_coding,protein_coding
YLR154W-F_YBL071C-B,YLR154W-F,YBL071C-B,0.0562590754095227,1,protein_coding,protein_coding
YLR154W-F_YBL006W-A,YLR154W-F,YBL006W-A,0.0531352241681086,1,protein_coding,protein_coding
YLR154W-F_snR76,YLR154W-F,snR76,0.0545339160688286,1,protein_coding,snoRNA
YLR154W-F_YLR154W-E,YLR154W-F,YLR154W-E,0.0541114300265631,1,protein_coding,protein_coding
YLR154W-F_YKL156C-A,YLR154W-F,YKL156C-A,0.0911125905609655,1,protein_coding,protein_coding
YLR154W-F_snR75,YLR154W-F,snR75,0.0509218736655694,1,protein_coding,snoRNA
YLR154W-F_YPL189C-A,YLR154W-F,YPL189C-A,0.068187462626947,1,protein_coding,protein_coding
YLR154W-F_YER053C-A,YLR154W-F,YER053C-A,0.0944981799373223,1,protein_coding,protein_coding
YLR154W-F_snR59,YLR154W-F,snR59,0.0902428588704838,1,protein_coding,snoRNA
YLR154W-F_YER138W-A,YLR154W-F,YER138W-A,0.0697809842365001,1,protein_coding,protein_coding
YLR154W-F_YPL135C-A,YLR154W-F,YPL135C-A,0.0531215836748683,1,protein_coding,protein_coding
YER138W-A_snR59,YER138W-A,snR59,0.0616742955623631,1,protein_coding,snoRNA
YER138W-A_YLR154W-F,YER138W-A,YLR154W-F,0.0648236538937876,1,protein_coding,protein_coding
YEL032C-A_YKL106C-A,YEL032C-A,YKL106C-A,0.0705656293664367,2,protein_coding,protein_coding
YEL032C-A_snR18,YEL032C-A,snR18,0.113510757457128,2,protein_coding,snoRNA
YEL032C-A_YDL061C,YEL032C-A,YDL061C,0.0589220690453626,2,protein_coding,protein_coding
YEL032C-A_tV(AAC)O,YEL032C-A,tV(AAC)O,0.140660610993996,2,protein_coding,tRNA
YEL032C-A_YDL184C,YEL032C-A,YDL184C,0.0613629871842468,2,protein_coding,protein_coding
YEL032C-A_snR40,YEL032C-A,snR40,0.0622192737295164,2,protein_coding,snoRNA
YEL032C-A_YMR272W-A,YEL032C-A,YMR272W-A,0.0948086288705255,2,protein_coding,protein_coding
YEL032C-A_YOR302W,YEL032C-A,YOR302W,0.0740643383569317,2,protein_coding,protein_coding
YEL032C-A_snR39,YEL032C-A,snR39,0.103412701169169,2,protein_coding,snoRNA
YEL032C-A_YLR399W-A,YEL032C-A,YLR399W-A,0.0653487036438651,2,protein_coding,protein_coding
snR77_YMR272W-A,snR77,YMR272W-A,0.143634841731266,2,snoRNA,protein_coding
snR77_YJR151W-A,snR77,YJR151W-A,-0.205902419030992,2,snoRNA,protein_coding
snR77_YLR162W-A,snR77,YLR162W-A,0.0565762057378735,2,snoRNA,protein_coding
YGR068W-A_YBL006W-A,YGR068W-A,YBL006W-A,0.0606248032016269,2,protein_coding,protein_coding
YGR068W-A_YPL189C-A,YGR068W-A,YPL189C-A,0.0618618323931276,2,protein_coding,protein_coding
YDL232W_snR87,YDL232W,snR87,0.102190293367814,2,protein_coding,snoRNA
YDL232W_YEL008C-A,YDL232W,YEL008C-A,0.131071634929526,2,protein_coding,protein_coding
YDL232W_YKL162C-A,YDL232W,YKL162C-A,0.0502614021238821,2,protein_coding,protein_coding
YDL232W_snR64,YDL232W,snR64,0.0879628368241726,2,protein_coding,snoRNA
YDL232W_YJR151W-A,YDL232W,YJR151W-A,0.212581214950463,2,protein_coding,protein_coding
YDL232W_YBR141W-A,YDL232W,YBR141W-A,0.158745468074862,2,protein_coding,protein_coding
YDL232W_snR55,YDL232W,snR55,0.0629093141305242,2,protein_coding,snoRNA
YDL232W_snR39,YDL232W,snR39,0.140071609102842,2,protein_coding,snoRNA
YDL232W_snR39B,YDL232W,snR39B,0.0957291288436946,2,protein_coding,snoRNA
snR18_YEL032C-A,snR18,YEL032C-A,0.110322963575669,2,snoRNA,protein_coding
snR18_YCR038W-A,snR18,YCR038W-A,0.070815949196577,2,snoRNA,protein_coding
snR18_snR69,snR18,snR69,0.0504873735667527,2,snoRNA,snoRNA
snR18_snR128,snR18,snR128,0.0661126162066134,2,snoRNA,snoRNA
snR18_snR40,snR18,snR40,0.0530725692505399,2,snoRNA,snoRNA
snR18_tR(CCG)L,snR18,tR(CCG)L,0.0535119206837734,2,snoRNA,tRNA
snR18_YKR057W,snR18,YKR057W,0.0506502117151066,2,snoRNA,protein_coding
snR18_tR(CCU)J,snR18,tR(CCU)J,0.065037488878062,2,snoRNA,tRNA
snR18_snR39,snR18,snR39,0.118016287863027,2,snoRNA,snoRNA
snR18_YHL015W-A,snR18,YHL015W-A,0.0712482219795633,2,snoRNA,protein_coding
YCR038W-A_snR18,YCR038W-A,snR18,0.0684207902745125,2,protein_coding,snoRNA
YCR038W-A_tR(CCU)J,YCR038W-A,tR(CCU)J,0.0537804947366038,2,protein_coding,tRNA
YCR038W-A_YHL015W-A,YCR038W-A,YHL015W-A,0.051999641873177,2,protein_coding,protein_coding
YBL006W-A_YGR068W-A,YBL006W-A,YGR068W-A,0.0620732128886129,2,protein_coding,protein_coding
YBL006W-A_YPL189C-A,YBL006W-A,YPL189C-A,0.055163559285493,2,protein_coding,protein_coding
snR87_YDL232W,snR87,YDL232W,0.108750505178647,2,snoRNA,protein_coding
snR87_YEL008C-A,snR87,YEL008C-A,0.064306908190101,2,snoRNA,protein_coding
snR87_YBR141W-A,snR87,YBR141W-A,0.0787927569186283,2,snoRNA,protein_coding
YML129C_snR77,YML129C,snR77,0.0898503944315969,2,protein_coding,snoRNA
YML129C_YMR272W-A,YML129C,YMR272W-A,0.0846363776732142,2,protein_coding,protein_coding
YML129C_YER053C-A,YML129C,YER053C-A,0.0603369959700597,2,protein_coding,protein_coding
YEL008C-A_YDL232W,YEL008C-A,YDL232W,0.13628101831259,2,protein_coding,protein_coding
YEL008C-A_YJR151W-A,YEL008C-A,YJR151W-A,0.148614302469537,2,protein_coding,protein_coding
snR64_YBR141W-A,snR64,YBR141W-A,0.0774426086466502,2,snoRNA,protein_coding
YNL097W-A_YER053C-A,YNL097W-A,YER053C-A,0.051383244817405,2,protein_coding,protein_coding
YKL156C-A_snR79,YKL156C-A,snR79,0.181074481602116,2,protein_coding,snoRNA
snR128_snR18,snR128,snR18,0.0656629943208209,2,snoRNA,snoRNA
tV(AAC)O_YEL032C-A,tV(AAC)O,YEL032C-A,0.143053259800506,2,tRNA,protein_coding
tV(AAC)O_tF(GAA)Q,tV(AAC)O,tF(GAA)Q,0.0690557220420426,2,tRNA,tRNA
tV(AAC)O_YDL184C,tV(AAC)O,YDL184C,0.0982863741702374,2,tRNA,protein_coding
tV(AAC)O_YJR151W-A,tV(AAC)O,YJR151W-A,-0.120551531572277,2,tRNA,protein_coding
tV(AAC)O_snR65,tV(AAC)O,snR65,0.0613393664322772,2,tRNA,snoRNA
tV(AAC)O_snR79,tV(AAC)O,snR79,-0.202607596656096,2,tRNA,snoRNA
YDL184C_tV(AAC)O,YDL184C,tV(AAC)O,0.103701832588768,2,protein_coding,tRNA
YDL133C-A_snR79,YDL133C-A,snR79,0.136074369046222,2,protein_coding,snoRNA
YMR272W-A_YKL106C-A,YMR272W-A,YKL106C-A,0.070674633268789,2,protein_coding,protein_coding
YMR272W-A_YEL032C-A,YMR272W-A,YEL032C-A,0.0982947889323497,2,protein_coding,protein_coding
YMR272W-A_YDR354C-A,YMR272W-A,YDR354C-A,0.0530163947440134,2,protein_coding,protein_coding
YMR272W-A_snR77,YMR272W-A,snR77,0.142938482240975,2,protein_coding,snoRNA
YMR272W-A_YLR402W,YMR272W-A,YLR402W,0.0579347282393585,2,protein_coding,protein_coding
YMR272W-A_YJL136W-A,YMR272W-A,YJL136W-A,0.0548866050489437,2,protein_coding,protein_coding
YMR272W-A_YDL061C,YMR272W-A,YDL061C,0.0629585860308431,2,protein_coding,protein_coding
YMR272W-A_YML129C,YMR272W-A,YML129C,0.0845608381398087,2,protein_coding,protein_coding
YMR272W-A_YNL097W-A,YMR272W-A,YNL097W-A,0.0756917542272914,2,protein_coding,protein_coding
YMR272W-A_tV(AAC)O,YMR272W-A,tV(AAC)O,0.102478395550307,2,protein_coding,tRNA
YMR272W-A_YDL184C,YMR272W-A,YDL184C,0.0641479204349704,2,protein_coding,protein_coding
YMR272W-A_YPL189C-A,YMR272W-A,YPL189C-A,0.0603434452106022,2,protein_coding,protein_coding
YMR272W-A_YOR302W,YMR272W-A,YOR302W,0.068655929409623,2,protein_coding,protein_coding
YMR272W-A_YJR151W-A,YMR272W-A,YJR151W-A,-0.133959795680459,2,protein_coding,protein_coding
YMR272W-A_YER053C-A,YMR272W-A,YER053C-A,0.0968134056321875,2,protein_coding,protein_coding
YMR272W-A_YCR024C-A,YMR272W-A,YCR024C-A,0.0716601703156894,2,protein_coding,protein_coding
snR67_snR79,snR67,snR79,0.153481161110071,2,snoRNA,snoRNA
YPL189C-A_YGR068W-A,YPL189C-A,YGR068W-A,0.0626903907458543,2,protein_coding,protein_coding
YPL189C-A_YBL006W-A,YPL189C-A,YBL006W-A,0.0544484419257939,2,protein_coding,protein_coding
YJR151W-A_tQ(UUG)B,YJR151W-A,tQ(UUG)B,0.0550568439866154,2,protein_coding,tRNA
YJR151W-A_snR54,YJR151W-A,snR54,0.0520678706775007,2,protein_coding,snoRNA
YJR151W-A_YOR161W-A,YJR151W-A,YOR161W-A,0.0694858825706252,2,protein_coding,protein_coding
YJR151W-A_snR77,YJR151W-A,snR77,-0.202523023475656,2,protein_coding,snoRNA
YJR151W-A_YDL232W,YJR151W-A,YDL232W,0.215198884858934,2,protein_coding,protein_coding
YJR151W-A_snR87,YJR151W-A,snR87,0.0925220855263504,2,protein_coding,snoRNA
YJR151W-A_YEL008C-A,YJR151W-A,YEL008C-A,0.143059590085612,2,protein_coding,protein_coding
YJR151W-A_YKL162C-A,YJR151W-A,YKL162C-A,0.0519598745721358,2,protein_coding,protein_coding
YJR151W-A_YDR034C-A,YJR151W-A,YDR034C-A,-0.0524685665580234,2,protein_coding,protein_coding
YJR151W-A_YJL127W-A,YJR151W-A,YJL127W-A,-0.0622982966371486,2,protein_coding,protein_coding
YJR151W-A_YPR160W-A,YJR151W-A,YPR160W-A,0.109420012223259,2,protein_coding,protein_coding
YJR151W-A_tV(AAC)O,YJR151W-A,tV(AAC)O,-0.129064779992599,2,protein_coding,tRNA
YJR151W-A_YDL184C,YJR151W-A,YDL184C,-0.0986894674067911,2,protein_coding,protein_coding
YJR151W-A_YMR272W-A,YJR151W-A,YMR272W-A,-0.132510632697931,2,protein_coding,protein_coding
YJR151W-A_snR38,YJR151W-A,snR38,0.0586250017354806,2,protein_coding,snoRNA
YJR151W-A_YLR162W-A,YJR151W-A,YLR162W-A,-0.0591891649174593,2,protein_coding,protein_coding
YJR151W-A_snR72,YJR151W-A,snR72,0.0555155729577812,2,protein_coding,snoRNA
YJR151W-A_tR(CCU)J,YJR151W-A,tR(CCU)J,0.109689472864281,2,protein_coding,tRNA
YJR151W-A_YAL037C-A,YJR151W-A,YAL037C-A,-0.0511551352470553,2,protein_coding,protein_coding
YJR151W-A_YNL144W-A,YJR151W-A,YNL144W-A,0.0556481059256491,2,protein_coding,protein_coding
YJR151W-A_YJL077W-A,YJR151W-A,YJL077W-A,0.0654684180172747,2,protein_coding,protein_coding
YJR151W-A_snR39B,YJR151W-A,snR39B,0.10286879445496,2,protein_coding,snoRNA
YJR151W-A_tR(ACG)J,YJR151W-A,tR(ACG)J,0.0519737770880698,2,protein_coding,tRNA
YBR141W-A_YKL106C-A,YBR141W-A,YKL106C-A,0.058307605539229,2,protein_coding,protein_coding
YBR141W-A_YDL232W,YBR141W-A,YDL232W,0.167782557321273,2,protein_coding,protein_coding
YBR141W-A_snR87,YBR141W-A,snR87,0.0780561570514095,2,protein_coding,snoRNA
YBR141W-A_snR64,YBR141W-A,snR64,0.0791448984376331,2,protein_coding,snoRNA
YBR141W-A_snR55,YBR141W-A,snR55,0.0563563775981808,2,protein_coding,snoRNA
YBR141W-A_snR39B,YBR141W-A,snR39B,0.0827460398149973,2,protein_coding,snoRNA
YBR141W-A_snR79,YBR141W-A,snR79,0.147562310542049,2,protein_coding,snoRNA
YBR141W-A_YLR154W-F,YBR141W-A,YLR154W-F,0.0613047570624086,2,protein_coding,protein_coding
YER053C-A_YEL032C-A,YER053C-A,YEL032C-A,0.0738790789220374,2,protein_coding,protein_coding
YER053C-A_snR77,YER053C-A,snR77,0.104451561884895,2,protein_coding,snoRNA
YER053C-A_YML129C,YER053C-A,YML129C,0.0631633008768881,2,protein_coding,protein_coding
YER053C-A_YNL097W-A,YER053C-A,YNL097W-A,0.0517419209523859,2,protein_coding,protein_coding
YER053C-A_YMR272W-A,YER053C-A,YMR272W-A,0.10109281158041,2,protein_coding,protein_coding
tR(CCU)J_snR77,tR(CCU)J,snR77,-0.0935217807582859,2,tRNA,snoRNA
tR(CCU)J_YGR068W-A,tR(CCU)J,YGR068W-A,-0.050417936707499,2,tRNA,protein_coding
tR(CCU)J_YEL008C-A,tR(CCU)J,YEL008C-A,0.0661752943690194,2,tRNA,protein_coding
tR(CCU)J_snR39,tR(CCU)J,snR39,0.091843516265273,2,tRNA,snoRNA
snR39_YEL032C-A,snR39,YEL032C-A,0.0982749612195409,2,snoRNA,protein_coding
snR39_YDL232W,snR39,YDL232W,0.150597434331763,2,snoRNA,protein_coding
snR39_snR18,snR39,snR18,0.115364741371401,2,snoRNA,snoRNA
snR39_YCR038W-A,snR39,YCR038W-A,0.0852197400489256,2,snoRNA,protein_coding
snR39_snR87,snR39,snR87,0.0758394074134836,2,snoRNA,snoRNA
snR39_YEL008C-A,snR39,YEL008C-A,0.0905120959934193,2,snoRNA,protein_coding
snR39_snR128,snR39,snR128,0.0729410261761864,2,snoRNA,snoRNA
snR39_tR(CCG)L,snR39,tR(CCG)L,0.0667538194089052,2,snoRNA,tRNA
snR39_YKR057W,snR39,YKR057W,0.0583077081815276,2,snoRNA,protein_coding
snR39_tR(CCU)J,snR39,tR(CCU)J,0.0955101768312783,2,snoRNA,tRNA
snR39_snR85,snR39,snR85,0.0529226727477951,2,snoRNA,snoRNA
snR39_YHL015W-A,snR39,YHL015W-A,0.0932791434626993,2,snoRNA,protein_coding
snR39_YBR126W-A,snR39,YBR126W-A,0.0604799312664937,2,snoRNA,protein_coding
YHL015W-A_tR(CCU)J,YHL015W-A,tR(CCU)J,0.058771071272784,2,protein_coding,tRNA
YHL015W-A_snR39,YHL015W-A,snR39,0.089060566755305,2,protein_coding,snoRNA
snR39B_YBR141W-A,snR39B,YBR141W-A,0.0760165776325235,2,snoRNA,protein_coding
snR79_snR73,snR79,snR73,0.058082692774155,2,snoRNA,snoRNA
snR79_YOR161W-A,snR79,YOR161W-A,0.0635029857910132,2,snoRNA,protein_coding
snR79_YGR068W-A,snR79,YGR068W-A,0.121604160959747,2,snoRNA,protein_coding
snR79_snR18,snR79,snR18,-0.0984890913257783,2,snoRNA,snoRNA
snR79_YBL006W-A,snR79,YBL006W-A,0.111155754384497,2,snoRNA,protein_coding
snR79_snR76,snR79,snR76,0.128086385707431,2,snoRNA,snoRNA
snR79_YLR149C-A,snR79,YLR149C-A,0.065475410459825,2,snoRNA,protein_coding
snR79_snR64,snR79,snR64,0.0856313720882962,2,snoRNA,snoRNA
snR79_tF(GAA)Q,snR79,tF(GAA)Q,-0.0794895788089162,2,snoRNA,tRNA
snR79_snR66,snR79,snR66,0.127121439467093,2,snoRNA,snoRNA
snR79_YKL156C-A,snR79,YKL156C-A,0.182288235971391,2,snoRNA,protein_coding
snR79_YOR335W-A,snR79,YOR335W-A,0.0505738250715097,2,snoRNA,protein_coding
snR79_YNL103W-A,snR79,YNL103W-A,0.0602248947162352,2,snoRNA,protein_coding
snR79_tV(AAC)O,snR79,tV(AAC)O,-0.202663672052784,2,snoRNA,tRNA
snR79_YDL247W-A,snR79,YDL247W-A,0.0649972784261361,2,snoRNA,protein_coding
snR79_snR74,snR79,snR74,0.0981441008323038,2,snoRNA,snoRNA
snR79_YDL184C,snR79,YDL184C,-0.0915872534568137,2,snoRNA,protein_coding
snR79_YDL133C-A,snR79,YDL133C-A,0.141559268464438,2,snoRNA,protein_coding
snR79_YEL017C-A,snR79,YEL017C-A,0.0674421160125202,2,snoRNA,protein_coding
snR79_snR67,snR79,snR67,0.156988560288398,2,snoRNA,snoRNA
snR79_YPL189C-A,snR79,YPL189C-A,0.101296635805649,2,snoRNA,protein_coding
snR79_snR24,snR79,snR24,0.0640227401608759,2,snoRNA,snoRNA
snR79_YMR182W-A,snR79,YMR182W-A,0.112015607400138,2,snoRNA,protein_coding
snR79_YBR141W-A,snR79,YBR141W-A,0.13754845110383,2,snoRNA,protein_coding
snR79_YHR032C-A,snR79,YHR032C-A,0.0772986442721337,2,snoRNA,protein_coding
snR79_YGL014C-A,snR79,YGL014C-A,0.0512039362767291,2,snoRNA,protein_coding
snR79_tN(GUU)Q,snR79,tN(GUU)Q,-0.0501227281544855,2,snoRNA,tRNA
snR79_YLR163W-A,snR79,YLR163W-A,0.0722951495218938,2,snoRNA,protein_coding
snR79_YNL130C-A,snR79,YNL130C-A,0.0579428317511213,2,snoRNA,protein_coding
snR79_snR55,snR79,snR55,0.0593204329967648,2,snoRNA,snoRNA
snR79_snR65,snR79,snR65,-0.0563124563970519,2,snoRNA,snoRNA
snR79_YKL100W-A,snR79,YKL100W-A,0.114917774997654,2,snoRNA,protein_coding
snR79_YDR371C-A,snR79,YDR371C-A,0.0503176278888033,2,snoRNA,protein_coding
snR79_tE(UUC)M,snR79,tE(UUC)M,0.0644241076211809,2,snoRNA,tRNA
snR79_YMR251W-A,snR79,YMR251W-A,0.0522759588524077,2,snoRNA,protein_coding
snR79_snR39B,snR79,snR39B,0.0902048932730771,2,snoRNA,snoRNA
snR79_YLR299C-A,snR79,YLR299C-A,0.109599370442404,2,snoRNA,protein_coding
snR79_YLR154W-F,snR79,YLR154W-F,0.0684340286873274,2,snoRNA,protein_coding
snR79_YER138W-A,snR79,YER138W-A,0.0661395348732317,2,snoRNA,protein_coding
YKL106C-A_YBR141W-A,YKL106C-A,YBR141W-A,0.0647407819475775,3,protein_coding,protein_coding
YEL032C-A_snR18,YEL032C-A,snR18,0.117711618815241,3,protein_coding,snoRNA
YEL032C-A_YDR276C,YEL032C-A,YDR276C,0.0504588272808156,3,protein_coding,protein_coding
YEL032C-A_tF(GAA)Q,YEL032C-A,tF(GAA)Q,0.0529023126572896,3,protein_coding,tRNA
YEL032C-A_tV(AAC)O,YEL032C-A,tV(AAC)O,0.154576711280539,3,protein_coding,tRNA
YEL032C-A_YMR272W-A,YEL032C-A,YMR272W-A,0.111975251670116,3,protein_coding,protein_coding
YEL032C-A_YOR302W,YEL032C-A,YOR302W,0.0825897493704301,3,protein_coding,protein_coding
YEL032C-A_snR39,YEL032C-A,snR39,0.111725888847584,3,protein_coding,snoRNA
YEL032C-A_YLR399W-A,YEL032C-A,YLR399W-A,0.0608071382009355,3,protein_coding,protein_coding
snR77_YGR068W-A,snR77,YGR068W-A,0.0814118047024398,3,snoRNA,protein_coding
snR77_YJL127W-A,snR77,YJL127W-A,0.0578655097484416,3,snoRNA,protein_coding
snR77_YMR272W-A,snR77,YMR272W-A,0.138380039397598,3,snoRNA,protein_coding
snR77_YJR151W-A,snR77,YJR151W-A,-0.211452300796171,3,snoRNA,protein_coding
snR77_tR(CCU)J,snR77,tR(CCU)J,-0.0893466554391781,3,snoRNA,tRNA
snR77_YAL037C-A,snR77,YAL037C-A,0.0543044454752056,3,snoRNA,protein_coding
YGR068W-A_YDR354C-A,YGR068W-A,YDR354C-A,0.0532073914161422,3,protein_coding,protein_coding
YGR068W-A_YBL006W-A,YGR068W-A,YBL006W-A,0.0538643517733514,3,protein_coding,protein_coding
YGR068W-A_snR76,YGR068W-A,snR76,0.0516694950791561,3,protein_coding,snoRNA
YGR068W-A_YDL133C-A,YGR068W-A,YDL133C-A,0.0506021018983893,3,protein_coding,protein_coding
YGR068W-A_YPL189C-A,YGR068W-A,YPL189C-A,0.0687236857751437,3,protein_coding,protein_coding
YGR068W-A_tR(CCU)J,YGR068W-A,tR(CCU)J,-0.0560194744931794,3,protein_coding,tRNA
YGR068W-A_YCR024C-A,YGR068W-A,YCR024C-A,0.0544080418494505,3,protein_coding,protein_coding
YGR068W-A_YPL135C-A,YGR068W-A,YPL135C-A,0.0569802115654988,3,protein_coding,protein_coding
YDL232W_YOR161W-A,YDL232W,YOR161W-A,0.063879937016906,3,protein_coding,protein_coding
YDL232W_YEL008C-A,YDL232W,YEL008C-A,0.124110085693537,3,protein_coding,protein_coding
YDL232W_YKL162C-A,YDL232W,YKL162C-A,0.0505232912361205,3,protein_coding,protein_coding
YDL232W_snR64,YDL232W,snR64,0.0899176922109426,3,protein_coding,snoRNA
YDL232W_YEL017C-A,YDL232W,YEL017C-A,0.0532505970859075,3,protein_coding,protein_coding
YDL232W_YJR151W-A,YDL232W,YJR151W-A,0.201639699458059,3,protein_coding,protein_coding
YDL232W_YBR141W-A,YDL232W,YBR141W-A,0.144858813253887,3,protein_coding,protein_coding
YDL232W_snR55,YDL232W,snR55,0.0658744246519807,3,protein_coding,snoRNA
YDL232W_YNL144W-A,YDL232W,YNL144W-A,0.0598511172133534,3,protein_coding,protein_coding
YDL232W_snR39,YDL232W,snR39,0.132576915543858,3,protein_coding,snoRNA
YDL232W_snR39B,YDL232W,snR39B,0.0965100780453389,3,protein_coding,snoRNA
YDL232W_snR79,YDL232W,snR79,0.12899165827117,3,protein_coding,snoRNA
snR18_YEL032C-A,snR18,YEL032C-A,0.115073226097754,3,snoRNA,protein_coding
snR18_YCR038W-A,snR18,YCR038W-A,0.0698871581995622,3,snoRNA,protein_coding
snR18_snR128,snR18,snR128,0.0603963142073811,3,snoRNA,snoRNA
snR18_snR40,snR18,snR40,0.0661252495509532,3,snoRNA,snoRNA
snR18_tR(CCG)L,snR18,tR(CCG)L,0.0584088854721685,3,snoRNA,tRNA
snR18_YKR057W,snR18,YKR057W,0.0522569452234525,3,snoRNA,protein_coding
snR18_snR39,snR18,snR39,0.124896372039276,3,snoRNA,snoRNA
snR18_YHL015W-A,snR18,YHL015W-A,0.0922004280186183,3,snoRNA,protein_coding
YCR038W-A_snR18,YCR038W-A,snR18,0.0689734531736778,3,protein_coding,snoRNA
YCR038W-A_YHL015W-A,YCR038W-A,YHL015W-A,0.0661916339911713,3,protein_coding,protein_coding
YBL006W-A_YGR068W-A,YBL006W-A,YGR068W-A,0.0571169543510775,3,protein_coding,protein_coding
YBL006W-A_YPL189C-A,YBL006W-A,YPL189C-A,0.0524710590356331,3,protein_coding,protein_coding
snR76_YPL189C-A,snR76,YPL189C-A,0.0506593797516829,3,snoRNA,protein_coding
snR87_YEL008C-A,snR87,YEL008C-A,0.0591906177430283,3,snoRNA,protein_coding
snR87_YBR141W-A,snR87,YBR141W-A,0.0637817354899207,3,snoRNA,protein_coding
YML129C_snR77,YML129C,snR77,0.102712310450303,3,protein_coding,snoRNA
YML129C_YMR272W-A,YML129C,YMR272W-A,0.0828857382725757,3,protein_coding,protein_coding
YML129C_YER053C-A,YML129C,YER053C-A,0.0550660952752107,3,protein_coding,protein_coding
YEL008C-A_YDL232W,YEL008C-A,YDL232W,0.126756336712567,3,protein_coding,protein_coding
YEL008C-A_snR64,YEL008C-A,snR64,0.0504665547529132,3,protein_coding,snoRNA
YEL008C-A_YJR151W-A,YEL008C-A,YJR151W-A,0.127787556626377,3,protein_coding,protein_coding
YKL156C-A_snR79,YKL156C-A,snR79,0.173828695150765,3,protein_coding,snoRNA
tV(AAC)O_YEL032C-A,tV(AAC)O,YEL032C-A,0.158187279754768,3,tRNA,protein_coding
tV(AAC)O_YJL136W-A,tV(AAC)O,YJL136W-A,0.0500416365643097,3,tRNA,protein_coding
tV(AAC)O_YDR276C,tV(AAC)O,YDR276C,0.0613927023970491,3,tRNA,protein_coding
tV(AAC)O_tF(GAA)Q,tV(AAC)O,tF(GAA)Q,0.0721791938959196,3,tRNA,tRNA
tV(AAC)O_YDL184C,tV(AAC)O,YDL184C,0.103244392200938,3,tRNA,protein_coding
tV(AAC)O_YMR272W-A,tV(AAC)O,YMR272W-A,0.126322771966644,3,tRNA,protein_coding
tV(AAC)O_YJL052C-A,tV(AAC)O,YJL052C-A,0.0542263863723912,3,tRNA,protein_coding
tV(AAC)O_YJR151W-A,tV(AAC)O,YJR151W-A,-0.136913067526551,3,tRNA,protein_coding
tV(AAC)O_tN(GUU)Q,tV(AAC)O,tN(GUU)Q,0.057495622424034,3,tRNA,tRNA
tV(AAC)O_snR65,tV(AAC)O,snR65,0.0578427171962011,3,tRNA,snoRNA
tV(AAC)O_snR79,tV(AAC)O,snR79,-0.184475628206162,3,tRNA,snoRNA
YDL184C_tV(AAC)O,YDL184C,tV(AAC)O,0.107790542204464,3,protein_coding,tRNA
snR40_snR18,snR40,snR18,0.0629662183256472,3,snoRNA,snoRNA
YMR272W-A_YKL106C-A,YMR272W-A,YKL106C-A,0.0647297287110545,3,protein_coding,protein_coding
YMR272W-A_YEL032C-A,YMR272W-A,YEL032C-A,0.112680307648656,3,protein_coding,protein_coding
YMR272W-A_snR77,YMR272W-A,snR77,0.137908949351572,3,protein_coding,snoRNA
YMR272W-A_YLR402W,YMR272W-A,YLR402W,0.0559588499544635,3,protein_coding,protein_coding
YMR272W-A_YDL061C,YMR272W-A,YDL061C,0.0698083291936781,3,protein_coding,protein_coding
YMR272W-A_YML129C,YMR272W-A,YML129C,0.0824239108423909,3,protein_coding,protein_coding
YMR272W-A_YNL097W-A,YMR272W-A,YNL097W-A,0.0729215093425554,3,protein_coding,protein_coding
YMR272W-A_tV(AAC)O,YMR272W-A,tV(AAC)O,0.12680046550014,3,protein_coding,tRNA
YMR272W-A_YDL184C,YMR272W-A,YDL184C,0.0688193270316819,3,protein_coding,protein_coding
YMR272W-A_YOR302W,YMR272W-A,YOR302W,0.0761278434009001,3,protein_coding,protein_coding
YMR272W-A_YER053C-A,YMR272W-A,YER053C-A,0.0839617883165613,3,protein_coding,protein_coding
YMR272W-A_YLR399W-A,YMR272W-A,YLR399W-A,0.0506007007264632,3,protein_coding,protein_coding
snR67_snR79,snR67,snR79,0.113738808557069,3,snoRNA,snoRNA
YPL189C-A_YGR068W-A,YPL189C-A,YGR068W-A,0.0691962807430805,3,protein_coding,protein_coding
YPL189C-A_YCR024C-A,YPL189C-A,YCR024C-A,0.050357287071374,3,protein_coding,protein_coding
YPL189C-A_YPL135C-A,YPL189C-A,YPL135C-A,0.052895320180102,3,protein_coding,protein_coding
YOR302W_YEL032C-A,YOR302W,YEL032C-A,0.0825134607143226,3,protein_coding,protein_coding
tR(CCG)L_YHL015W-A,tR(CCG)L,YHL015W-A,0.0619256713695114,3,tRNA,protein_coding
YMR182W-A_snR79,YMR182W-A,snR79,0.121534673935586,3,protein_coding,snoRNA
YJR151W-A_YOR161W-A,YJR151W-A,YOR161W-A,0.0733284682183385,3,protein_coding,protein_coding
YJR151W-A_snR77,YJR151W-A,snR77,-0.207562051267135,3,protein_coding,snoRNA
YJR151W-A_YDL232W,YJR151W-A,YDL232W,0.201648177130128,3,protein_coding,protein_coding
YJR151W-A_YEL008C-A,YJR151W-A,YEL008C-A,0.12426271482221,3,protein_coding,protein_coding
YJR151W-A_YJL127W-A,YJR151W-A,YJL127W-A,-0.0563121564898225,3,protein_coding,protein_coding
YJR151W-A_snR64,YJR151W-A,snR64,0.0811810403117962,3,protein_coding,snoRNA
YJR151W-A_YPR160W-A,YJR151W-A,YPR160W-A,0.0949758484891114,3,protein_coding,protein_coding
YJR151W-A_tV(AAC)O,YJR151W-A,tV(AAC)O,-0.146468930828765,3,protein_coding,tRNA
YJR151W-A_YDL184C,YJR151W-A,YDL184C,-0.098846189531801,3,protein_coding,protein_coding
YJR151W-A_tR(CCU)J,YJR151W-A,tR(CCU)J,0.093348707568684,3,protein_coding,tRNA
YJR151W-A_snR55,YJR151W-A,snR55,0.0593048676859966,3,protein_coding,snoRNA
YJR151W-A_YAL037C-A,YJR151W-A,YAL037C-A,-0.0531689018785199,3,protein_coding,protein_coding
YJR151W-A_YNL144W-A,YJR151W-A,YNL144W-A,0.067723583608246,3,protein_coding,protein_coding
YBR141W-A_YKL106C-A,YBR141W-A,YKL106C-A,0.0652732272512116,3,protein_coding,protein_coding
YBR141W-A_YDL232W,YBR141W-A,YDL232W,0.149220803737988,3,protein_coding,protein_coding
YBR141W-A_snR64,YBR141W-A,snR64,0.0605772521157808,3,protein_coding,snoRNA
YBR141W-A_snR39B,YBR141W-A,snR39B,0.0670648220396508,3,protein_coding,snoRNA
YER053C-A_snR77,YER053C-A,snR77,0.100100556749144,3,protein_coding,snoRNA
YER053C-A_YML129C,YER053C-A,YML129C,0.0565388533383789,3,protein_coding,protein_coding
YER053C-A_YMR272W-A,YER053C-A,YMR272W-A,0.0859621344081525,3,protein_coding,protein_coding
tR(CCU)J_snR77,tR(CCU)J,snR77,-0.0930065097789152,3,tRNA,snoRNA
tR(CCU)J_YEL008C-A,tR(CCU)J,YEL008C-A,0.065461634147234,3,tRNA,protein_coding
tR(CCU)J_tR(CCG)L,tR(CCU)J,tR(CCG)L,0.0531686139859592,3,tRNA,tRNA
tR(CCU)J_YJR151W-A,tR(CCU)J,YJR151W-A,0.09940938772922,3,tRNA,protein_coding
tR(CCU)J_snR39,tR(CCU)J,snR39,0.0974678493712302,3,tRNA,snoRNA
tR(CCU)J_YHL015W-A,tR(CCU)J,YHL015W-A,0.074753419162608,3,tRNA,protein_coding
snR39_YEL032C-A,snR39,YEL032C-A,0.104274759603146,3,snoRNA,protein_coding
snR39_YBL071C-B,snR39,YBL071C-B,0.060684027157488,3,snoRNA,protein_coding
snR39_YDL232W,snR39,YDL232W,0.139291867679617,3,snoRNA,protein_coding
snR39_snR18,snR39,snR18,0.119495715530745,3,snoRNA,snoRNA
snR39_YCR038W-A,snR39,YCR038W-A,0.0862532641417339,3,snoRNA,protein_coding
snR39_snR87,snR39,snR87,0.0865730322154882,3,snoRNA,snoRNA
snR39_YEL008C-A,snR39,YEL008C-A,0.0948210370697287,3,snoRNA,protein_coding
snR39_snR69,snR39,snR69,0.0500026428989868,3,snoRNA,snoRNA
snR39_snR64,snR39,snR64,0.0536157924458589,3,snoRNA,snoRNA
snR39_snR128,snR39,snR128,0.0704629442925978,3,snoRNA,snoRNA
snR39_snR58,snR39,snR58,0.0505751880894293,3,snoRNA,snoRNA
snR39_snR40,snR39,snR40,0.0766187500682446,3,snoRNA,snoRNA
snR39_snR38,snR39,snR38,0.0503010759670934,3,snoRNA,snoRNA
snR39_tR(CCG)L,snR39,tR(CCG)L,0.0759275951725155,3,snoRNA,tRNA
snR39_YKR057W,snR39,YKR057W,0.0623213930394455,3,snoRNA,protein_coding
snR39_YBR141W-A,snR39,YBR141W-A,0.0906445923422226,3,snoRNA,protein_coding
snR39_tR(CCU)J,snR39,tR(CCU)J,0.0972956981212176,3,snoRNA,tRNA
snR39_YHL015W-A,snR39,YHL015W-A,0.118371124797398,3,snoRNA,protein_coding
snR39_YBR126W-A,snR39,YBR126W-A,0.0587406537281246,3,snoRNA,protein_coding
YHL015W-A_snR18,YHL015W-A,snR18,0.0881329397730834,3,protein_coding,snoRNA
YHL015W-A_YCR038W-A,YHL015W-A,YCR038W-A,0.0646284581692222,3,protein_coding,protein_coding
YHL015W-A_tR(CCG)L,YHL015W-A,tR(CCG)L,0.0609778699460896,3,protein_coding,tRNA
YHL015W-A_tR(CCU)J,YHL015W-A,tR(CCU)J,0.0760158128125547,3,protein_coding,tRNA
YHL015W-A_snR39,YHL015W-A,snR39,0.120017042127425,3,protein_coding,snoRNA
snR39B_YBR141W-A,snR39B,YBR141W-A,0.0632194263934121,3,snoRNA,protein_coding
snR79_YGR068W-A,snR79,YGR068W-A,0.10318013613426,3,snoRNA,protein_coding
snR79_YDL232W,snR79,YDL232W,0.124883535722173,3,snoRNA,protein_coding
snR79_YBL006W-A,snR79,YBL006W-A,0.0946864591169961,3,snoRNA,protein_coding
snR79_snR76,snR79,snR76,0.119986575084654,3,snoRNA,snoRNA
snR79_YLR149C-A,snR79,YLR149C-A,0.0633854594855078,3,snoRNA,protein_coding
snR79_tF(GAA)Q,snR79,tF(GAA)Q,-0.0718307920370362,3,snoRNA,tRNA
snR79_snR66,snR79,snR66,0.086495561659794,3,snoRNA,snoRNA
snR79_YKL156C-A,snR79,YKL156C-A,0.181163318540323,3,snoRNA,protein_coding
snR79_YNL103W-A,snR79,YNL103W-A,0.0719744486078011,3,snoRNA,protein_coding
snR79_tV(AAC)O,snR79,tV(AAC)O,-0.188423747964136,3,snoRNA,tRNA
snR79_YDL247W-A,snR79,YDL247W-A,0.0683003101997123,3,snoRNA,protein_coding
snR79_snR74,snR79,snR74,0.0725992745288737,3,snoRNA,snoRNA
snR79_YDL133C-A,snR79,YDL133C-A,0.103413599880347,3,snoRNA,protein_coding
snR79_snR67,snR79,snR67,0.113579065711468,3,snoRNA,snoRNA
snR79_YPL189C-A,snR79,YPL189C-A,0.0986669205500641,3,snoRNA,protein_coding
snR79_YMR182W-A,snR79,YMR182W-A,0.130039151623534,3,snoRNA,protein_coding
snR79_YGL014C-A,snR79,YGL014C-A,0.0546530830206523,3,snoRNA,protein_coding
snR79_tN(GUU)Q,snR79,tN(GUU)Q,-0.0586495234405508,3,snoRNA,tRNA
snR79_YLR163W-A,snR79,YLR163W-A,0.0740563186698067,3,snoRNA,protein_coding
snR79_YNL130C-A,snR79,YNL130C-A,0.0628181057369039,3,snoRNA,protein_coding
snR79_YKL100W-A,snR79,YKL100W-A,0.0907371720468036,3,snoRNA,protein_coding
snR79_YDR371C-A,snR79,YDR371C-A,0.0513300076735587,3,snoRNA,protein_coding
snR79_YJL077W-A,snR79,YJL077W-A,0.0613964380114836,3,snoRNA,protein_coding
snR79_snR39B,snR79,snR39B,0.0977814438284611,3,snoRNA,snoRNA
snR79_YLR299C-A,snR79,YLR299C-A,0.115919153348345,3,snoRNA,protein_coding
YPL135C-A_YGR068W-A,YPL135C-A,YGR068W-A,0.056613691164755,3,protein_coding,protein_coding
YPL135C-A_YPL189C-A,YPL135C-A,YPL189C-A,0.0522381725286752,3,protein_coding,protein_coding
YKL106C-A_YNL097W-A,YKL106C-A,YNL097W-A,0.0505320231099899,4,protein_coding,protein_coding
YEL032C-A_snR18,YEL032C-A,snR18,0.130829906588649,4,protein_coding,snoRNA
YEL032C-A_YJL136W-A,YEL032C-A,YJL136W-A,0.0588616661281179,4,protein_coding,protein_coding
YEL032C-A_snR128,YEL032C-A,snR128,0.0551524599111493,4,protein_coding,snoRNA
YEL032C-A_tV(AAC)O,YEL032C-A,tV(AAC)O,0.177720500378381,4,protein_coding,tRNA
YEL032C-A_YMR272W-A,YEL032C-A,YMR272W-A,0.128841363645958,4,protein_coding,protein_coding
YEL032C-A_YOR302W,YEL032C-A,YOR302W,0.100224894672342,4,protein_coding,protein_coding
YEL032C-A_snR39,YEL032C-A,snR39,0.146323351826725,4,protein_coding,snoRNA
snR77_YDL061C,snR77,YDL061C,0.0739668829270314,4,snoRNA,protein_coding
snR77_YML129C,snR77,YML129C,0.0893109182502088,4,snoRNA,protein_coding
snR77_YDR276C,snR77,YDR276C,0.0560585820893497,4,snoRNA,protein_coding
snR77_tV(AAC)O,snR77,tV(AAC)O,0.154809634674105,4,snoRNA,tRNA
snR77_YDL184C,snR77,YDL184C,0.0937397120815251,4,snoRNA,protein_coding
snR77_YMR272W-A,snR77,YMR272W-A,0.132072205874703,4,snoRNA,protein_coding
snR77_YJR151W-A,snR77,YJR151W-A,-0.163201670673844,4,snoRNA,protein_coding
snR77_YER053C-A,snR77,YER053C-A,0.0929819579857905,4,snoRNA,protein_coding
YGR068W-A_YML007C-A,YGR068W-A,YML007C-A,0.0504177661123319,4,protein_coding,protein_coding
YGR068W-A_YNL097W-A,YGR068W-A,YNL097W-A,0.0507418787277444,4,protein_coding,protein_coding
YGR068W-A_YKL156C-A,YGR068W-A,YKL156C-A,0.0645863233965167,4,protein_coding,protein_coding
YGR068W-A_YPL189C-A,YGR068W-A,YPL189C-A,0.074278710546367,4,protein_coding,protein_coding
YGR068W-A_YDR524C-B,YGR068W-A,YDR524C-B,0.0556240050936245,4,protein_coding,protein_coding
YGR068W-A_YCR024C-A,YGR068W-A,YCR024C-A,0.0729789678709506,4,protein_coding,protein_coding
YGR068W-A_YPL135C-A,YGR068W-A,YPL135C-A,0.0597880029146999,4,protein_coding,protein_coding
YDL232W_YOR161W-A,YDL232W,YOR161W-A,0.0549219646620521,4,protein_coding,protein_coding
YDL232W_YEL008C-A,YDL232W,YEL008C-A,0.107690750186512,4,protein_coding,protein_coding
YDL232W_snR64,YDL232W,snR64,0.0834976956744696,4,protein_coding,snoRNA
YDL232W_YEL017C-A,YDL232W,YEL017C-A,0.054908915785853,4,protein_coding,protein_coding
YDL232W_snR67,YDL232W,snR67,0.079757428809371,4,protein_coding,snoRNA
YDL232W_YJR151W-A,YDL232W,YJR151W-A,0.178996276830449,4,protein_coding,protein_coding
YDL232W_YBR141W-A,YDL232W,YBR141W-A,0.153441438658193,4,protein_coding,protein_coding
YDL232W_snR55,YDL232W,snR55,0.0712384051100184,4,protein_coding,snoRNA
YDL232W_YKL100W-A,YDL232W,YKL100W-A,0.0896287783169122,4,protein_coding,protein_coding
YDL232W_snR39,YDL232W,snR39,0.138209287300002,4,protein_coding,snoRNA
YDL232W_snR79,YDL232W,snR79,0.144828480415262,4,protein_coding,snoRNA
snR18_YEL032C-A,snR18,YEL032C-A,0.127006787338682,4,snoRNA,protein_coding
snR18_YOR302W,snR18,YOR302W,0.0721583147479671,4,snoRNA,protein_coding
snR18_snR39,snR18,snR39,0.14927955524917,4,snoRNA,snoRNA
snR76_YKL156C-A,snR76,YKL156C-A,0.0747716693271131,4,snoRNA,protein_coding
snR76_YPL189C-A,snR76,YPL189C-A,0.0616660330846368,4,snoRNA,protein_coding
snR87_snR39,snR87,snR39,0.126625258445613,4,snoRNA,snoRNA
YML129C_YDL184C,YML129C,YDL184C,0.0500252245994034,4,protein_coding,protein_coding
YML129C_YMR272W-A,YML129C,YMR272W-A,0.081377040763694,4,protein_coding,protein_coding
YML129C_YER053C-A,YML129C,YER053C-A,0.063030962990599,4,protein_coding,protein_coding
YEL008C-A_YDL232W,YEL008C-A,YDL232W,0.114955050484466,4,protein_coding,protein_coding
YEL008C-A_YJR151W-A,YEL008C-A,YJR151W-A,0.113012017692144,4,protein_coding,protein_coding
YEL008C-A_YKL100W-A,YEL008C-A,YKL100W-A,0.0509312990496281,4,protein_coding,protein_coding
snR64_YBR141W-A,snR64,YBR141W-A,0.0641403251521559,4,snoRNA,protein_coding
YNL097W-A_YML129C,YNL097W-A,YML129C,0.0512175301803213,4,protein_coding,protein_coding
YNL097W-A_YER053C-A,YNL097W-A,YER053C-A,0.062941079110368,4,protein_coding,protein_coding
YNL097W-A_YCR024C-A,YNL097W-A,YCR024C-A,0.0571079215268348,4,protein_coding,protein_coding
YKL156C-A_YGR068W-A,YKL156C-A,YGR068W-A,0.0686341494925685,4,protein_coding,protein_coding
YKL156C-A_snR76,YKL156C-A,snR76,0.0785451137390969,4,protein_coding,snoRNA
YKL156C-A_YPL189C-A,YKL156C-A,YPL189C-A,0.0710529727651854,4,protein_coding,protein_coding
YKL156C-A_snR79,YKL156C-A,snR79,0.167052222180857,4,protein_coding,snoRNA
tV(AAC)O_YEL032C-A,tV(AAC)O,YEL032C-A,0.180637724669338,4,tRNA,protein_coding
tV(AAC)O_snR77,tV(AAC)O,snR77,0.148988591983637,4,tRNA,snoRNA
tV(AAC)O_YJL136W-A,tV(AAC)O,YJL136W-A,0.0676085374606375,4,tRNA,protein_coding
tV(AAC)O_YDL061C,tV(AAC)O,YDL061C,0.0883327022789749,4,tRNA,protein_coding
tV(AAC)O_snR76,tV(AAC)O,snR76,-0.089796113506167,4,tRNA,snoRNA
tV(AAC)O_YDR276C,tV(AAC)O,YDR276C,0.0597121430568879,4,tRNA,protein_coding
tV(AAC)O_tF(GAA)Q,tV(AAC)O,tF(GAA)Q,0.0738718229950322,4,tRNA,tRNA
tV(AAC)O_YDL184C,tV(AAC)O,YDL184C,0.106824947417581,4,tRNA,protein_coding
tV(AAC)O_YMR272W-A,tV(AAC)O,YMR272W-A,0.14615645721969,4,tRNA,protein_coding
tV(AAC)O_YJL052C-A,tV(AAC)O,YJL052C-A,0.0537497488559835,4,tRNA,protein_coding
tV(AAC)O_YOR302W,tV(AAC)O,YOR302W,0.0940845009296759,4,tRNA,protein_coding
tV(AAC)O_YJL077W-A,tV(AAC)O,YJL077W-A,-0.0683771786830916,4,tRNA,protein_coding
tV(AAC)O_snR79,tV(AAC)O,snR79,-0.189532120947329,4,tRNA,snoRNA
YDL184C_snR77,YDL184C,snR77,0.0919133248295966,4,protein_coding,snoRNA
YDL184C_tV(AAC)O,YDL184C,tV(AAC)O,0.11049475167206,4,protein_coding,tRNA
snR40_YBR141W-A,snR40,YBR141W-A,0.060609011600872,4,snoRNA,protein_coding
YMR272W-A_YKL106C-A,YMR272W-A,YKL106C-A,0.0637363522145271,4,protein_coding,protein_coding
YMR272W-A_YEL032C-A,YMR272W-A,YEL032C-A,0.133049522902875,4,protein_coding,protein_coding
YMR272W-A_snR77,YMR272W-A,snR77,0.128498772314865,4,protein_coding,snoRNA
YMR272W-A_YDL061C,YMR272W-A,YDL061C,0.0750780546329543,4,protein_coding,protein_coding
YMR272W-A_YML129C,YMR272W-A,YML129C,0.0797580896335722,4,protein_coding,protein_coding
YMR272W-A_YDR276C,YMR272W-A,YDR276C,0.054859846791403,4,protein_coding,protein_coding
YMR272W-A_tV(AAC)O,YMR272W-A,tV(AAC)O,0.149926151864793,4,protein_coding,tRNA
YMR272W-A_YDL184C,YMR272W-A,YDL184C,0.078192547028232,4,protein_coding,protein_coding
YMR272W-A_YOR302W,YMR272W-A,YOR302W,0.0789232564139895,4,protein_coding,protein_coding
YMR272W-A_YER053C-A,YMR272W-A,YER053C-A,0.0850633025318096,4,protein_coding,protein_coding
snR67_YBR141W-A,snR67,YBR141W-A,0.0596564743764145,4,snoRNA,protein_coding
YPL189C-A_YML007C-A,YPL189C-A,YML007C-A,0.0520419442529349,4,protein_coding,protein_coding
YPL189C-A_YGR068W-A,YPL189C-A,YGR068W-A,0.0739153572252856,4,protein_coding,protein_coding
YPL189C-A_snR76,YPL189C-A,snR76,0.0608034024114997,4,protein_coding,snoRNA
YPL189C-A_YKL156C-A,YPL189C-A,YKL156C-A,0.0662578864729688,4,protein_coding,protein_coding
YPL189C-A_YDR524C-B,YPL189C-A,YDR524C-B,0.0572838070809138,4,protein_coding,protein_coding
YPL189C-A_tR(CCU)J,YPL189C-A,tR(CCU)J,-0.0519974112009171,4,protein_coding,tRNA
YPL189C-A_YCR024C-A,YPL189C-A,YCR024C-A,0.0746796535984248,4,protein_coding,protein_coding
YPL189C-A_YPL135C-A,YPL189C-A,YPL135C-A,0.0609844830278546,4,protein_coding,protein_coding
YOR302W_YEL032C-A,YOR302W,YEL032C-A,0.0992191133187368,4,protein_coding,protein_coding
YOR302W_snR18,YOR302W,snR18,0.0727697098377392,4,protein_coding,snoRNA
YJR151W-A_YOR161W-A,YJR151W-A,YOR161W-A,0.0638603097201878,4,protein_coding,protein_coding
YJR151W-A_snR77,YJR151W-A,snR77,-0.158089918121619,4,protein_coding,snoRNA
YJR151W-A_YDL232W,YJR151W-A,YDL232W,0.182204277870671,4,protein_coding,protein_coding
YJR151W-A_YML129C,YJR151W-A,YML129C,-0.091116572512799,4,protein_coding,protein_coding
YJR151W-A_YEL008C-A,YJR151W-A,YEL008C-A,0.10481799347191,4,protein_coding,protein_coding
YJR151W-A_YJL127W-A,YJR151W-A,YJL127W-A,-0.053571854419679,4,protein_coding,protein_coding
YJR151W-A_snR64,YJR151W-A,snR64,0.0738232070674672,4,protein_coding,snoRNA
YJR151W-A_YPR160W-A,YJR151W-A,YPR160W-A,0.0875587154761655,4,protein_coding,protein_coding
YJR151W-A_YDL184C,YJR151W-A,YDL184C,-0.094785266788177,4,protein_coding,protein_coding
YJR151W-A_snR67,YJR151W-A,snR67,0.072738660506346,4,protein_coding,snoRNA
YJR151W-A_YLR162W-A,YJR151W-A,YLR162W-A,-0.0586335627670466,4,protein_coding,protein_coding
YJR151W-A_YER053C-A,YJR151W-A,YER053C-A,-0.0958908481893664,4,protein_coding,protein_coding
YJR151W-A_snR55,YJR151W-A,snR55,0.0722382627794902,4,protein_coding,snoRNA
YJR151W-A_YKL100W-A,YJR151W-A,YKL100W-A,0.0878730978441139,4,protein_coding,protein_coding
YJR151W-A_YNL144W-A,YJR151W-A,YNL144W-A,0.0550612025466258,4,protein_coding,protein_coding
YJR151W-A_snR79,YJR151W-A,snR79,0.126508112094576,4,protein_coding,snoRNA
YBR141W-A_YKL106C-A,YBR141W-A,YKL106C-A,0.0605037104149616,4,protein_coding,protein_coding
YBR141W-A_YDL232W,YBR141W-A,YDL232W,0.157021632614274,4,protein_coding,protein_coding
YBR141W-A_YEL008C-A,YBR141W-A,YEL008C-A,0.0804702287666635,4,protein_coding,protein_coding
YBR141W-A_snR64,YBR141W-A,snR64,0.0635542331607353,4,protein_coding,snoRNA
YBR141W-A_snR67,YBR141W-A,snR67,0.0614712730245429,4,protein_coding,snoRNA
YER053C-A_snR77,YER053C-A,snR77,0.0937263597377864,4,protein_coding,snoRNA
YER053C-A_YML129C,YER053C-A,YML129C,0.0649390135408775,4,protein_coding,protein_coding
YER053C-A_YNL097W-A,YER053C-A,YNL097W-A,0.0621876185257482,4,protein_coding,protein_coding
YER053C-A_YMR272W-A,YER053C-A,YMR272W-A,0.088963601470544,4,protein_coding,protein_coding
YER053C-A_YCR024C-A,YER053C-A,YCR024C-A,0.0581326199012901,4,protein_coding,protein_coding
snR39_YEL032C-A,snR39,YEL032C-A,0.138645880306065,4,snoRNA,protein_coding
snR39_YBL071C-B,snR39,YBL071C-B,0.0601358245393572,4,snoRNA,protein_coding
snR39_YJL205C,snR39,YJL205C,0.0572780324301522,4,snoRNA,protein_coding
snR39_YML007C-A,snR39,YML007C-A,-0.0675869214519738,4,snoRNA,protein_coding
snR39_YGR068W-A,snR39,YGR068W-A,-0.0676261838508034,4,snoRNA,protein_coding
snR39_YDL232W,snR39,YDL232W,0.15345308464936,4,snoRNA,protein_coding
snR39_snR18,snR39,snR18,0.146133059089427,4,snoRNA,snoRNA
snR39_YCR038W-A,snR39,YCR038W-A,0.0841123331497902,4,snoRNA,protein_coding
snR39_snR76,snR39,snR76,-0.0727047293957237,4,snoRNA,snoRNA
snR39_snR87,snR39,snR87,0.127226886310558,4,snoRNA,snoRNA
snR39_YEL008C-A,snR39,YEL008C-A,0.0864517809443517,4,snoRNA,protein_coding
snR39_snR128,snR39,snR128,0.0566971815162044,4,snoRNA,snoRNA
snR39_snR40,snR39,snR40,0.0879270298291444,4,snoRNA,snoRNA
snR39_snR38,snR39,snR38,0.0577359739470038,4,snoRNA,snoRNA
snR39_snR67,snR39,snR67,0.0658174071227892,4,snoRNA,snoRNA
snR39_YPL189C-A,snR39,YPL189C-A,-0.0723557066035582,4,snoRNA,protein_coding
snR39_YOR302W,snR39,YOR302W,0.0782210209629591,4,snoRNA,protein_coding
snR39_tR(CCG)L,snR39,tR(CCG)L,0.0884634218341267,4,snoRNA,tRNA
snR39_YKR057W,snR39,YKR057W,0.0672884110593373,4,snoRNA,protein_coding
snR39_YJR151W-A,snR39,YJR151W-A,0.138114029100277,4,snoRNA,protein_coding
snR39_YBR141W-A,snR39,YBR141W-A,0.125818981704422,4,snoRNA,protein_coding
snR39_snR72,snR39,snR72,0.0518985507113415,4,snoRNA,snoRNA
snR39_tN(GUU)Q,snR39,tN(GUU)Q,0.0608070354495613,4,snoRNA,tRNA
snR39_tR(CCU)J,snR39,tR(CCU)J,0.115023582828242,4,snoRNA,tRNA
snR39_snR55,snR39,snR55,0.074284340484101,4,snoRNA,snoRNA
snR39_YCR047W-A,snR39,YCR047W-A,0.0514216103831857,4,snoRNA,protein_coding
snR39_YHL015W-A,snR39,YHL015W-A,0.161548286540308,4,snoRNA,protein_coding
snR39_YBR126W-A,snR39,YBR126W-A,0.0623975582270014,4,snoRNA,protein_coding
YHL015W-A_snR39,YHL015W-A,snR39,0.164889820223327,4,protein_coding,snoRNA
snR39B_snR79,snR39B,snR79,0.103115690505646,4,snoRNA,snoRNA
YCR024C-A_YML007C-A,YCR024C-A,YML007C-A,0.0505595114556443,4,protein_coding,protein_coding
YCR024C-A_YGR068W-A,YCR024C-A,YGR068W-A,0.0731618417565611,4,protein_coding,protein_coding
YCR024C-A_YNL097W-A,YCR024C-A,YNL097W-A,0.0588705742616109,4,protein_coding,protein_coding
YCR024C-A_YKL156C-A,YCR024C-A,YKL156C-A,0.0608484329071559,4,protein_coding,protein_coding
YCR024C-A_YPL189C-A,YCR024C-A,YPL189C-A,0.0751952096703639,4,protein_coding,protein_coding
YCR024C-A_YDR524C-B,YCR024C-A,YDR524C-B,0.0557305738037573,4,protein_coding,protein_coding
YCR024C-A_YPL135C-A,YCR024C-A,YPL135C-A,0.0637687844079242,4,protein_coding,protein_coding
snR79_YDL232W,snR79,YDL232W,0.139416841741612,4,snoRNA,protein_coding
snR79_snR76,snR79,snR76,0.104958478601758,4,snoRNA,snoRNA
snR79_YKL156C-A,snR79,YKL156C-A,0.171894068920776,4,snoRNA,protein_coding
snR79_YNL103W-A,snR79,YNL103W-A,0.0654735514139149,4,snoRNA,protein_coding
snR79_tV(AAC)O,snR79,tV(AAC)O,-0.194341476395938,4,snoRNA,tRNA
snR79_YDL247W-A,snR79,YDL247W-A,0.0540215608768933,4,snoRNA,protein_coding
snR79_YDL133C-A,snR79,YDL133C-A,0.0623462811176563,4,snoRNA,protein_coding
snR79_YMR182W-A,snR79,YMR182W-A,0.102547791387185,4,snoRNA,protein_coding
snR79_YJR151W-A,snR79,YJR151W-A,0.121312101747636,4,snoRNA,protein_coding
snR79_YGL014C-A,snR79,YGL014C-A,0.0531135374053723,4,snoRNA,protein_coding
snR79_YLR163W-A,snR79,YLR163W-A,0.0673724790155998,4,snoRNA,protein_coding
snR79_YDR371C-A,snR79,YDR371C-A,0.0551809578351603,4,snoRNA,protein_coding
snR79_YJL077W-A,snR79,YJL077W-A,0.0818969615405602,4,snoRNA,protein_coding
snR79_snR39B,snR79,snR39B,0.108968812988753,4,snoRNA,snoRNA
snR79_YLR299C-A,snR79,YLR299C-A,0.09727744192215,4,snoRNA,protein_coding
YPL135C-A_YGR068W-A,YPL135C-A,YGR068W-A,0.0598522186706799,4,protein_coding,protein_coding
YPL135C-A_YNL097W-A,YPL135C-A,YNL097W-A,0.0507265198376208,4,protein_coding,protein_coding
YPL135C-A_YCR024C-A,YPL135C-A,YCR024C-A,0.0638602532368854,4,protein_coding,protein_coding
YKL106C-A_YEL032C-A,YKL106C-A,YEL032C-A,0.0870850317581164,5,protein_coding,protein_coding
YKL106C-A_YBR141W-A,YKL106C-A,YBR141W-A,0.0826375846737848,5,protein_coding,protein_coding
YKL106C-A_snR39,YKL106C-A,snR39,0.0977010504204191,5,protein_coding,snoRNA
YEL032C-A_YKL106C-A,YEL032C-A,YKL106C-A,0.0872404485390899,5,protein_coding,protein_coding
YEL032C-A_snR18,YEL032C-A,snR18,0.147638868453357,5,protein_coding,snoRNA
YEL032C-A_YDL061C,YEL032C-A,YDL061C,0.083109018083598,5,protein_coding,protein_coding
YEL032C-A_tV(AAC)O,YEL032C-A,tV(AAC)O,0.179832917820586,5,protein_coding,tRNA
YEL032C-A_YMR272W-A,YEL032C-A,YMR272W-A,0.121009314097754,5,protein_coding,protein_coding
YEL032C-A_YCR047W-A,YEL032C-A,YCR047W-A,0.060368226444704,5,protein_coding,protein_coding
YEL032C-A_snR39,YEL032C-A,snR39,0.137887259251326,5,protein_coding,snoRNA
YEL032C-A_YHL015W-A,YEL032C-A,YHL015W-A,0.058137095283808,5,protein_coding,protein_coding
YOR161W-A_YEL008C-A,YOR161W-A,YEL008C-A,0.0637758516211757,5,protein_coding,protein_coding
YOR161W-A_YPL152W-A,YOR161W-A,YPL152W-A,0.0747574939796378,5,protein_coding,protein_coding
YOR161W-A_snR39B,YOR161W-A,snR39B,0.0844094738532079,5,protein_coding,snoRNA
snR77_tV(AAC)O,snR77,tV(AAC)O,0.191107849995398,5,snoRNA,tRNA
snR77_YMR272W-A,snR77,YMR272W-A,0.13932556029793,5,snoRNA,protein_coding
snR77_YJR151W-A,snR77,YJR151W-A,-0.138023803689105,5,snoRNA,protein_coding
YDL232W_YKL106C-A,YDL232W,YKL106C-A,0.124148745768044,5,protein_coding,protein_coding
YDL232W_snR18,YDL232W,snR18,0.170980172649272,5,protein_coding,snoRNA
YDL232W_YBL006W-A,YDL232W,YBL006W-A,0.0845316757332602,5,protein_coding,protein_coding
YDL232W_snR87,YDL232W,snR87,0.0905859307488944,5,protein_coding,snoRNA
YDL232W_YKL162C-A,YDL232W,YKL162C-A,0.0600252207478676,5,protein_coding,protein_coding
YDL232W_snR69,YDL232W,snR69,0.0839455947339679,5,protein_coding,snoRNA
YDL232W_YDR276C,YDL232W,YDR276C,-0.082663035753538,5,protein_coding,protein_coding
YDL232W_YPR160W-A,YDL232W,YPR160W-A,0.0906778715765354,5,protein_coding,protein_coding
YDL232W_tT(UGU)H,YDL232W,tT(UGU)H,-0.0825671943627069,5,protein_coding,tRNA
YDL232W_YNL145W,YDL232W,YNL145W,0.0673722951377199,5,protein_coding,protein_coding
YDL232W_snR66,YDL232W,snR66,0.0579886597354319,5,protein_coding,snoRNA
YDL232W_YKL156C-A,YDL232W,YKL156C-A,0.145623062332276,5,protein_coding,protein_coding
YDL232W_YDL247W-A,YDL232W,YDL247W-A,0.0582775517155093,5,protein_coding,protein_coding
YDL232W_snR74,YDL232W,snR74,0.0640019735402592,5,protein_coding,snoRNA
YDL232W_snR67,YDL232W,snR67,0.107934426134439,5,protein_coding,snoRNA
YDL232W_YER090C-A,YDL232W,YER090C-A,0.0542889670324945,5,protein_coding,protein_coding
YDL232W_YMR182W-A,YDL232W,YMR182W-A,0.153734969746836,5,protein_coding,protein_coding
YDL232W_YJR151W-A,YDL232W,YJR151W-A,0.235893735609834,5,protein_coding,protein_coding
YDL232W_YBR141W-A,YDL232W,YBR141W-A,0.178673969338591,5,protein_coding,protein_coding
YDL232W_YGL014C-A,YDL232W,YGL014C-A,0.0632579227638249,5,protein_coding,protein_coding
YDL232W_YGL188C-A,YDL232W,YGL188C-A,0.0683958265656464,5,protein_coding,protein_coding
YDL232W_tR(CCU)J,YDL232W,tR(CCU)J,0.0891372547044734,5,protein_coding,tRNA
YDL232W_snR55,YDL232W,snR55,0.0604045416674476,5,protein_coding,snoRNA
YDL232W_YKL100W-A,YDL232W,YKL100W-A,0.0829333554736753,5,protein_coding,protein_coding
YDL232W_snR53,YDL232W,snR53,0.052001239347363,5,protein_coding,snoRNA
YDL232W_YNL144W-A,YDL232W,YNL144W-A,0.0973808947226836,5,protein_coding,protein_coding
YDL232W_snR39,YDL232W,snR39,0.201085369270482,5,protein_coding,snoRNA
YDL232W_YCR024C-A,YDL232W,YCR024C-A,0.0765022151691175,5,protein_coding,protein_coding
YDL232W_YLR299C-A,YDL232W,YLR299C-A,0.104429624169289,5,protein_coding,protein_coding
YDL232W_YBR126W-A,YDL232W,YBR126W-A,0.0709588458177255,5,protein_coding,protein_coding
snR18_YKL106C-A,snR18,YKL106C-A,0.0918256969227888,5,snoRNA,protein_coding
snR18_YEL032C-A,snR18,YEL032C-A,0.143099340193917,5,snoRNA,protein_coding
snR18_YDL232W,snR18,YDL232W,0.175152757257781,5,snoRNA,protein_coding
snR18_snR87,snR18,snR87,0.0608150639615176,5,snoRNA,snoRNA
snR18_snR69,snR18,snR69,0.0728889507894696,5,snoRNA,snoRNA
snR18_tV(AAC)O,snR18,tV(AAC)O,0.125355068864165,5,snoRNA,tRNA
snR18_YPL152W-A,snR18,YPL152W-A,-0.0971737903120925,5,snoRNA,protein_coding
snR18_YHR073W-A,snR18,YHR073W-A,0.0504208591423452,5,snoRNA,protein_coding
snR18_YCR047W-A,snR18,YCR047W-A,0.0618772612564341,5,snoRNA,protein_coding
snR18_snR39,snR18,snR39,0.172049412103885,5,snoRNA,snoRNA
snR18_YHL015W-A,snR18,YHL015W-A,0.0539613785568676,5,snoRNA,protein_coding
YLR402W_YDR276C,YLR402W,YDR276C,0.0503145130691003,5,protein_coding,protein_coding
YDL061C_YEL032C-A,YDL061C,YEL032C-A,0.0857774880845479,5,protein_coding,protein_coding
snR76_YEL008C-A,snR76,YEL008C-A,0.0564952385157061,5,snoRNA,protein_coding
snR76_snR39B,snR76,snR39B,0.0747827833529662,5,snoRNA,snoRNA
YML129C_YOR302W,YML129C,YOR302W,0.0561008579121491,5,protein_coding,protein_coding
YEL008C-A_YPL152W-A,YEL008C-A,YPL152W-A,0.0825732055079585,5,protein_coding,protein_coding
YEL008C-A_YPL189C-A,YEL008C-A,YPL189C-A,0.0566546943647886,5,protein_coding,protein_coding
YEL008C-A_snR39B,YEL008C-A,snR39B,0.105127676997028,5,protein_coding,snoRNA
YEL008C-A_snR79,YEL008C-A,snR79,0.126930769472966,5,protein_coding,snoRNA
YDR276C_YJR151W-A,YDR276C,YJR151W-A,-0.0789049329143284,5,protein_coding,protein_coding
snR64_YKL156C-A,snR64,YKL156C-A,0.0565367614326716,5,snoRNA,protein_coding
YNL097W-A_YOR302W,YNL097W-A,YOR302W,0.0506383385215392,5,protein_coding,protein_coding
YKL156C-A_snR77,YKL156C-A,snR77,-0.0948334611263352,5,protein_coding,snoRNA
YKL156C-A_snR64,YKL156C-A,snR64,0.0542020953133198,5,protein_coding,snoRNA
YKL156C-A_YJR151W-A,YKL156C-A,YJR151W-A,0.119695386092709,5,protein_coding,protein_coding
YKL156C-A_YJL077W-A,YKL156C-A,YJL077W-A,0.0508989765428402,5,protein_coding,protein_coding
YKL156C-A_YLR299C-A,YKL156C-A,YLR299C-A,0.0609474097399059,5,protein_coding,protein_coding
YKL156C-A_snR79,YKL156C-A,snR79,0.127933369337276,5,protein_coding,snoRNA
tV(AAC)O_YEL032C-A,tV(AAC)O,YEL032C-A,0.18221339451603,5,tRNA,protein_coding
tV(AAC)O_snR77,tV(AAC)O,snR77,0.182513816816918,5,tRNA,snoRNA
tV(AAC)O_snR18,tV(AAC)O,snR18,0.132298407970266,5,tRNA,snoRNA
tV(AAC)O_YJL136W-A,tV(AAC)O,YJL136W-A,0.0692165980643546,5,tRNA,protein_coding
tV(AAC)O_YDL061C,tV(AAC)O,YDL061C,0.0946567365305154,5,tRNA,protein_coding
tV(AAC)O_snR76,tV(AAC)O,snR76,-0.0884844331894992,5,tRNA,snoRNA
tV(AAC)O_YDR034C-A,tV(AAC)O,YDR034C-A,0.0524797676606762,5,tRNA,protein_coding
tV(AAC)O_tF(GAA)Q,tV(AAC)O,tF(GAA)Q,0.070985702315644,5,tRNA,tRNA
tV(AAC)O_YNL103W-A,tV(AAC)O,YNL103W-A,-0.0528185346828976,5,tRNA,protein_coding
tV(AAC)O_YDL184C,tV(AAC)O,YDL184C,0.113127859969813,5,tRNA,protein_coding
tV(AAC)O_YMR272W-A,tV(AAC)O,YMR272W-A,0.137841491366701,5,tRNA,protein_coding
tV(AAC)O_tN(GUU)Q,tV(AAC)O,tN(GUU)Q,0.0592642556088524,5,tRNA,tRNA
tV(AAC)O_YLR163W-A,tV(AAC)O,YLR163W-A,-0.0517861827952075,5,tRNA,protein_coding
tV(AAC)O_YAL037C-A,tV(AAC)O,YAL037C-A,0.0528740320710882,5,tRNA,protein_coding
tV(AAC)O_snR65,tV(AAC)O,snR65,0.0541724969426505,5,tRNA,snoRNA
tV(AAC)O_YJL077W-A,tV(AAC)O,YJL077W-A,-0.0668791074453013,5,tRNA,protein_coding
tV(AAC)O_snR79,tV(AAC)O,snR79,-0.177898386958048,5,tRNA,snoRNA
YMR272W-A_YPR182W,YMR272W-A,YPR182W,0.0715958919084379,5,protein_coding,protein_coding
YMR272W-A_YEL032C-A,YMR272W-A,YEL032C-A,0.124878256131298,5,protein_coding,protein_coding
YMR272W-A_snR77,YMR272W-A,snR77,0.137692646641152,5,protein_coding,snoRNA
YMR272W-A_YLR402W,YMR272W-A,YLR402W,0.0703103913134327,5,protein_coding,protein_coding
YMR272W-A_YJL136W-A,YMR272W-A,YJL136W-A,0.0552118270885555,5,protein_coding,protein_coding
YMR272W-A_YDL061C,YMR272W-A,YDL061C,0.072636646555855,5,protein_coding,protein_coding
YMR272W-A_YML129C,YMR272W-A,YML129C,0.0838228448029583,5,protein_coding,protein_coding
YMR272W-A_YDR276C,YMR272W-A,YDR276C,0.074050962920535,5,protein_coding,protein_coding
YMR272W-A_YNL097W-A,YMR272W-A,YNL097W-A,0.0689979524835917,5,protein_coding,protein_coding
YMR272W-A_tV(AAC)O,YMR272W-A,tV(AAC)O,0.141093729872058,5,protein_coding,tRNA
YMR272W-A_YOR302W,YMR272W-A,YOR302W,0.101815008822043,5,protein_coding,protein_coding
YMR272W-A_YJR151W-A,YMR272W-A,YJR151W-A,-0.118019981744551,5,protein_coding,protein_coding
YMR272W-A_YER053C-A,YMR272W-A,YER053C-A,0.076478742476649,5,protein_coding,protein_coding
YMR272W-A_YLR399W-A,YMR272W-A,YLR399W-A,0.0513358517626821,5,protein_coding,protein_coding
YPL152W-A_YOR161W-A,YPL152W-A,YOR161W-A,0.0755863147941559,5,protein_coding,protein_coding
YPL152W-A_snR18,YPL152W-A,snR18,-0.10093751619798,5,protein_coding,snoRNA
YPL152W-A_YLR402W,YPL152W-A,YLR402W,0.0570937137967189,5,protein_coding,protein_coding
YPL152W-A_snR76,YPL152W-A,snR76,0.056360358795124,5,protein_coding,snoRNA
YPL152W-A_YEL008C-A,YPL152W-A,YEL008C-A,0.0819677345235597,5,protein_coding,protein_coding
YPL152W-A_tT(UGU)H,YPL152W-A,tT(UGU)H,0.0504978263597312,5,protein_coding,tRNA
YPL152W-A_YPL189C-A,YPL152W-A,YPL189C-A,0.0568595613189335,5,protein_coding,protein_coding
YPL152W-A_YMR251W-A,YPL152W-A,YMR251W-A,0.0500251082149309,5,protein_coding,protein_coding
YPL152W-A_snR39,YPL152W-A,snR39,-0.0948254833590497,5,protein_coding,snoRNA
YPL152W-A_snR39B,YPL152W-A,snR39B,0.107486706702842,5,protein_coding,snoRNA
YPL152W-A_snR79,YPL152W-A,snR79,0.113482889328823,5,protein_coding,snoRNA
YOR302W_snR77,YOR302W,snR77,0.0818148302475647,5,protein_coding,snoRNA
YOR302W_YML129C,YOR302W,YML129C,0.0521263140752945,5,protein_coding,protein_coding
YOR302W_YMR272W-A,YOR302W,YMR272W-A,0.0975382009704956,5,protein_coding,protein_coding
YOR302W_YER053C-A,YOR302W,YER053C-A,0.0508027007847157,5,protein_coding,protein_coding
YMR182W-A_YDL232W,YMR182W-A,YDL232W,0.148383067503852,5,protein_coding,protein_coding
YJR151W-A_snR77,YJR151W-A,snR77,-0.140441749131388,5,protein_coding,snoRNA
YJR151W-A_YDL232W,YJR151W-A,YDL232W,0.237153575899765,5,protein_coding,protein_coding
YJR151W-A_YPR160W-A,YJR151W-A,YPR160W-A,0.0780640396032058,5,protein_coding,protein_coding
YJR151W-A_YKL156C-A,YJR151W-A,YKL156C-A,0.126449336633129,5,protein_coding,protein_coding
YJR151W-A_YDL247W-A,YJR151W-A,YDL247W-A,0.0520893987866562,5,protein_coding,protein_coding
YJR151W-A_YMR272W-A,YJR151W-A,YMR272W-A,-0.120928654842826,5,protein_coding,protein_coding
YJR151W-A_YLR299C-A,YJR151W-A,YLR299C-A,0.0899313383910103,5,protein_coding,protein_coding
YBR141W-A_YKL106C-A,YBR141W-A,YKL106C-A,0.0845453913000988,5,protein_coding,protein_coding
YBR141W-A_YDL232W,YBR141W-A,YDL232W,0.184730755324707,5,protein_coding,protein_coding
YBR141W-A_YCR024C-A,YBR141W-A,YCR024C-A,0.0589765099856674,5,protein_coding,protein_coding
YBR141W-A_YLR154W-F,YBR141W-A,YLR154W-F,0.0545917647483195,5,protein_coding,protein_coding
YER053C-A_YOR302W,YER053C-A,YOR302W,0.0546714601939399,5,protein_coding,protein_coding
snR39_YKL106C-A,snR39,YKL106C-A,0.0991870233775721,5,snoRNA,protein_coding
snR39_YDL232W,snR39,YDL232W,0.210629688473001,5,snoRNA,protein_coding
snR39_snR18,snR39,snR18,0.172256436771327,5,snoRNA,snoRNA
snR39_snR69,snR39,snR69,0.0750620858564518,5,snoRNA,snoRNA
snR39_YCR047W-A,snR39,YCR047W-A,0.0636720788435957,5,snoRNA,protein_coding
snR39B_snR76,snR39B,snR76,0.0754714593346174,5,snoRNA,snoRNA
snR39B_YEL008C-A,snR39B,YEL008C-A,0.102669399034127,5,snoRNA,protein_coding
snR39B_YPL152W-A,snR39B,YPL152W-A,0.106497615137477,5,snoRNA,protein_coding
snR39B_YPL189C-A,snR39B,YPL189C-A,0.0685604662795593,5,snoRNA,protein_coding
snR39B_snR79,snR39B,snR79,0.159208523324648,5,snoRNA,snoRNA
YCR024C-A_YBR141W-A,YCR024C-A,YBR141W-A,0.0556873416241777,5,protein_coding,protein_coding
YLR299C-A_YKL156C-A,YLR299C-A,YKL156C-A,0.0607362035284818,5,protein_coding,protein_coding
snR79_snR76,snR79,snR76,0.0993158355503312,5,snoRNA,snoRNA
snR79_YEL008C-A,snR79,YEL008C-A,0.122978956176322,5,snoRNA,protein_coding
snR79_snR64,snR79,snR64,0.0797507690257347,5,snoRNA,snoRNA
snR79_YKL156C-A,snR79,YKL156C-A,0.129479030477439,5,snoRNA,protein_coding
snR79_YNL103W-A,snR79,YNL103W-A,0.0557133406838987,5,snoRNA,protein_coding
snR79_tV(AAC)O,snR79,tV(AAC)O,-0.179941399177997,5,snoRNA,tRNA
snR79_YPL152W-A,snR79,YPL152W-A,0.113253541374104,5,snoRNA,protein_coding
snR79_YEL017C-A,snR79,YEL017C-A,0.0556082605770943,5,snoRNA,protein_coding
snR79_YPL189C-A,snR79,YPL189C-A,0.0768808067857443,5,snoRNA,protein_coding
snR79_YLR163W-A,snR79,YLR163W-A,0.055500221162954,5,snoRNA,protein_coding
snR79_YJL077W-A,snR79,YJL077W-A,0.0720304491363555,5,snoRNA,protein_coding
snR79_snR39B,snR79,snR39B,0.159744331064272,5,snoRNA,snoRNA
YLR154W-F_YBR141W-A,YLR154W-F,YBR141W-A,0.053410708271837,5,protein_coding,protein_coding
YKL106C-A_YEL032C-A,YKL106C-A,YEL032C-A,0.0850711105815829,6,protein_coding,protein_coding
YKL106C-A_YDL232W,YKL106C-A,YDL232W,0.118780095518413,6,protein_coding,protein_coding
YKL106C-A_snR18,YKL106C-A,snR18,0.117054572797856,6,protein_coding,snoRNA
YKL106C-A_snR87,YKL106C-A,snR87,0.0527740432059496,6,protein_coding,snoRNA
YKL106C-A_tV(AAC)O,YKL106C-A,tV(AAC)O,0.068755860445794,6,protein_coding,tRNA
YKL106C-A_YBR141W-A,YKL106C-A,YBR141W-A,0.0853362819317667,6,protein_coding,protein_coding
YKL106C-A_snR39,YKL106C-A,snR39,0.11364419043167,6,protein_coding,snoRNA
YEL032C-A_YKL106C-A,YEL032C-A,YKL106C-A,0.0870404463675029,6,protein_coding,protein_coding
YEL032C-A_YDL232W,YEL032C-A,YDL232W,0.154552924937784,6,protein_coding,protein_coding
YEL032C-A_snR18,YEL032C-A,snR18,0.133704279413843,6,protein_coding,snoRNA
YEL032C-A_snR87,YEL032C-A,snR87,0.0654197766036124,6,protein_coding,snoRNA
YEL032C-A_snR69,YEL032C-A,snR69,0.0582548628324826,6,protein_coding,snoRNA
YEL032C-A_YBR141W-A,YEL032C-A,YBR141W-A,0.0804649011291895,6,protein_coding,protein_coding
YEL032C-A_snR39,YEL032C-A,snR39,0.140803499920914,6,protein_coding,snoRNA
YEL032C-A_YHL015W-A,YEL032C-A,YHL015W-A,0.062971864019301,6,protein_coding,protein_coding
tP(UGG)Q_tV(AAC)O,tP(UGG)Q,tV(AAC)O,-0.0575846488235317,6,tRNA,tRNA
YDL232W_YKL106C-A,YDL232W,YKL106C-A,0.118292064384971,6,protein_coding,protein_coding
YDL232W_YEL032C-A,YDL232W,YEL032C-A,0.150574396847096,6,protein_coding,protein_coding
YDL232W_snR18,YDL232W,snR18,0.197701933450775,6,protein_coding,snoRNA
YDL232W_snR87,YDL232W,snR87,0.087906925031628,6,protein_coding,snoRNA
YDL232W_snR69,YDL232W,snR69,0.0818217533486746,6,protein_coding,snoRNA
YDL232W_tV(AAC)O,YDL232W,tV(AAC)O,0.107469556969156,6,protein_coding,tRNA
YDL232W_YHR073W-A,YDL232W,YHR073W-A,0.0585868150681627,6,protein_coding,protein_coding
YDL232W_tR(CCG)L,YDL232W,tR(CCG)L,0.0530169632503817,6,protein_coding,tRNA
YDL232W_YMR182W-A,YDL232W,YMR182W-A,0.0643317885934521,6,protein_coding,protein_coding
YDL232W_YBR141W-A,YDL232W,YBR141W-A,0.104598318329821,6,protein_coding,protein_coding
YDL232W_tR(CCU)J,YDL232W,tR(CCU)J,0.0705893279760354,6,protein_coding,tRNA
YDL232W_snR59,YDL232W,snR59,0.0682258548877026,6,protein_coding,snoRNA
YDL232W_YNL144W-A,YDL232W,YNL144W-A,0.050701678371795,6,protein_coding,protein_coding
YDL232W_snR39,YDL232W,snR39,0.200156495081639,6,protein_coding,snoRNA
YDL232W_YHL015W-A,YDL232W,YHL015W-A,0.0734221427812132,6,protein_coding,protein_coding
snR18_YKL106C-A,snR18,YKL106C-A,0.116800902429777,6,snoRNA,protein_coding
snR18_tP(UGG)Q,snR18,tP(UGG)Q,-0.093467852926542,6,snoRNA,tRNA
snR18_YDL232W,snR18,YDL232W,0.198742442901678,6,snoRNA,protein_coding
snR18_YJL136W-A,snR18,YJL136W-A,0.0604191608676686,6,snoRNA,protein_coding
snR18_snR69,snR18,snR69,0.0811478715650294,6,snoRNA,snoRNA
snR18_tV(AAC)O,snR18,tV(AAC)O,0.129373643692083,6,snoRNA,tRNA
snR18_tE(UUC)Q,snR18,tE(UUC)Q,-0.093467852926542,6,snoRNA,tRNA
snR18_YHR073W-A,snR18,YHR073W-A,0.0639246599084177,6,snoRNA,protein_coding
snR18_tM(CAU)Q2,snR18,tM(CAU)Q2,-0.0672475016597418,6,snoRNA,tRNA
snR18_tR(CCG)L,snR18,tR(CCG)L,0.0612569420833314,6,snoRNA,tRNA
snR18_YMR182W-A,snR18,YMR182W-A,0.0716194410405774,6,snoRNA,protein_coding
snR18_tR(CCU)J,snR18,tR(CCU)J,0.0800593154939295,6,snoRNA,tRNA
snR18_snR65,snR18,snR65,0.0530865541533385,6,snoRNA,snoRNA
snR18_snR59,snR18,snR59,0.0655033166741889,6,snoRNA,snoRNA
snR18_YNL144W-A,snR18,YNL144W-A,0.0564951257283173,6,snoRNA,protein_coding
snR18_snR39,snR18,snR39,0.206599166562072,6,snoRNA,snoRNA
YLR402W_YPL189C-A,YLR402W,YPL189C-A,0.0503831901098523,6,protein_coding,protein_coding
YLR402W_YOR302W,YLR402W,YOR302W,0.0597665270787718,6,protein_coding,protein_coding
YLR402W_snR39B,YLR402W,snR39B,0.0617073186634608,6,protein_coding,snoRNA
YLR402W_snR79,YLR402W,snR79,0.0756236490363371,6,protein_coding,snoRNA
snR87_YEL032C-A,snR87,YEL032C-A,0.0639929585590412,6,snoRNA,protein_coding
YEL008C-A_snR39B,YEL008C-A,snR39B,0.0607436855172995,6,protein_coding,snoRNA
YNL097W-A_YOR302W,YNL097W-A,YOR302W,0.0509445103146713,6,protein_coding,protein_coding
YNL097W-A_YBR141W-A,YNL097W-A,YBR141W-A,0.0559658199717338,6,protein_coding,protein_coding
tV(AAC)O_tP(UGG)Q,tV(AAC)O,tP(UGG)Q,-0.0591613636120208,6,tRNA,tRNA
tV(AAC)O_YDL232W,tV(AAC)O,YDL232W,0.112266749340949,6,tRNA,protein_coding
tV(AAC)O_snR18,tV(AAC)O,snR18,0.133663515541965,6,tRNA,snoRNA
tV(AAC)O_tE(UUC)Q,tV(AAC)O,tE(UUC)Q,-0.0591613636120216,6,tRNA,tRNA
tV(AAC)O_snR39,tV(AAC)O,snR39,0.121397089147496,6,tRNA,snoRNA
YDL184C_YJR151W-A,YDL184C,YJR151W-A,0.202039312685172,6,protein_coding,protein_coding
YMR272W-A_YBR141W-A,YMR272W-A,YBR141W-A,0.0571911408611889,6,protein_coding,protein_coding
YPL152W-A_YPL189C-A,YPL152W-A,YPL189C-A,0.0521894221036748,6,protein_coding,protein_coding
YPL152W-A_snR79,YPL152W-A,snR79,0.0725485822012035,6,protein_coding,snoRNA
snR67_YJR151W-A,snR67,YJR151W-A,0.497536697403133,6,snoRNA,protein_coding
YPL189C-A_YLR402W,YPL189C-A,YLR402W,0.0504968960399943,6,protein_coding,protein_coding
YPL189C-A_YPL152W-A,YPL189C-A,YPL152W-A,0.0513877120209374,6,protein_coding,protein_coding
YPL189C-A_YOR302W,YPL189C-A,YOR302W,0.0563198155002284,6,protein_coding,protein_coding
YPL189C-A_snR79,YPL189C-A,snR79,0.072980132392616,6,protein_coding,snoRNA
YOR302W_YLR402W,YOR302W,YLR402W,0.0575609766723421,6,protein_coding,protein_coding
YOR302W_YEL008C-A,YOR302W,YEL008C-A,0.0509281013704015,6,protein_coding,protein_coding
YOR302W_YPL189C-A,YOR302W,YPL189C-A,0.0550264324568352,6,protein_coding,protein_coding
YOR302W_snR39B,YOR302W,snR39B,0.0658109114151865,6,protein_coding,snoRNA
YOR302W_snR79,YOR302W,snR79,0.0818699362092806,6,protein_coding,snoRNA
YJR151W-A_snR61,YJR151W-A,snR61,0.0671648854655626,6,protein_coding,snoRNA
YJR151W-A_YBL071C-B,YJR151W-A,YBL071C-B,0.089984513042249,6,protein_coding,protein_coding
YJR151W-A_YCR038W-A,YJR151W-A,YCR038W-A,-0.107183638671987,6,protein_coding,protein_coding
YJR151W-A_YEL008C-A,YJR151W-A,YEL008C-A,-0.143969750521585,6,protein_coding,protein_coding
YJR151W-A_YPR160W-A,YJR151W-A,YPR160W-A,0.135527667522022,6,protein_coding,protein_coding
YJR151W-A_snR71,YJR151W-A,snR71,0.104282672811179,6,protein_coding,snoRNA
YJR151W-A_snR66,YJR151W-A,snR66,0.163677334594604,6,protein_coding,snoRNA
YJR151W-A_YOR335W-A,YJR151W-A,YOR335W-A,0.105058481233118,6,protein_coding,protein_coding
YJR151W-A_YDL184C,YJR151W-A,YDL184C,0.205431329993344,6,protein_coding,protein_coding
YJR151W-A_snR58,YJR151W-A,snR58,0.0866416233997794,6,protein_coding,snoRNA
YJR151W-A_snR75,YJR151W-A,snR75,0.15438737481613,6,protein_coding,snoRNA
YJR151W-A_snR67,YJR151W-A,snR67,0.491125597814043,6,protein_coding,snoRNA
YJR151W-A_snR24,YJR151W-A,snR24,0.15520463805317,6,protein_coding,snoRNA
YJR151W-A_snR51,YJR151W-A,snR51,0.0758164696783738,6,protein_coding,snoRNA
YJR151W-A_YLR162W-A,YJR151W-A,YLR162W-A,0.0922043082728737,6,protein_coding,protein_coding
YJR151W-A_YER053C-A,YJR151W-A,YER053C-A,0.129751188268612,6,protein_coding,protein_coding
YJR151W-A_YLR163W-A,YJR151W-A,YLR163W-A,0.150024978777998,6,protein_coding,protein_coding
YJR151W-A_YKL100W-A,YJR151W-A,YKL100W-A,0.167080265689639,6,protein_coding,protein_coding
YJR151W-A_snR53,YJR151W-A,snR53,0.0566430401264299,6,protein_coding,snoRNA
YJR151W-A_YHL015W-A,YJR151W-A,YHL015W-A,0.178106018237901,6,protein_coding,protein_coding
YJR151W-A_snR39B,YJR151W-A,snR39B,-0.135011501187709,6,protein_coding,snoRNA
YJR151W-A_YLR154W-F,YJR151W-A,YLR154W-F,0.328164337274035,6,protein_coding,protein_coding
YJR151W-A_YDL114W-A,YJR151W-A,YDL114W-A,0.116240839695783,6,protein_coding,protein_coding
YBR141W-A_YKL106C-A,YBR141W-A,YKL106C-A,0.0832559969665204,6,protein_coding,protein_coding
YBR141W-A_YEL032C-A,YBR141W-A,YEL032C-A,0.0790103629371284,6,protein_coding,protein_coding
YBR141W-A_YCR038W-A,YBR141W-A,YCR038W-A,0.0527526427062949,6,protein_coding,protein_coding
YBR141W-A_YEL008C-A,YBR141W-A,YEL008C-A,0.051020245877039,6,protein_coding,protein_coding
YBR141W-A_YNL097W-A,YBR141W-A,YNL097W-A,0.0548153548297626,6,protein_coding,protein_coding
YBR141W-A_YMR272W-A,YBR141W-A,YMR272W-A,0.055783596534385,6,protein_coding,protein_coding
YKL100W-A_YJR151W-A,YKL100W-A,YJR151W-A,0.173393361455509,6,protein_coding,protein_coding
snR39_YKL106C-A,snR39,YKL106C-A,0.113111913294585,6,snoRNA,protein_coding
snR39_YEL032C-A,snR39,YEL032C-A,0.137262608571307,6,snoRNA,protein_coding
snR39_tP(UGG)Q,snR39,tP(UGG)Q,-0.0830759432863672,6,snoRNA,tRNA
snR39_YDL232W,snR39,YDL232W,0.201356007988435,6,snoRNA,protein_coding
snR39_snR18,snR39,snR18,0.206356522206158,6,snoRNA,snoRNA
snR39_snR87,snR39,snR87,0.0832095258318601,6,snoRNA,snoRNA
snR39_snR69,snR39,snR69,0.0813895569614457,6,snoRNA,snoRNA
snR39_tV(AAC)O,snR39,tV(AAC)O,0.116780150772739,6,snoRNA,tRNA
snR39_tE(UUC)Q,snR39,tE(UUC)Q,-0.0830759432863672,6,snoRNA,tRNA
snR39_YHR073W-A,snR39,YHR073W-A,0.0601632694837809,6,snoRNA,protein_coding
snR39_tR(CCG)L,snR39,tR(CCG)L,0.0566205423209238,6,snoRNA,tRNA
snR39_YMR182W-A,snR39,YMR182W-A,0.0673532575397918,6,snoRNA,protein_coding
snR39_tR(CCU)J,snR39,tR(CCU)J,0.0747691064899096,6,snoRNA,tRNA
snR39_snR59,snR39,snR59,0.0659624031161528,6,snoRNA,snoRNA
snR39_YNL144W-A,snR39,YNL144W-A,0.0532430321080266,6,snoRNA,protein_coding
YHL015W-A_YJR151W-A,YHL015W-A,YJR151W-A,0.182187575342832,6,protein_coding,protein_coding
snR39B_snR79,snR39B,snR79,0.0919391979265665,6,snoRNA,snoRNA
snR79_YPR182W,snR79,YPR182W,0.0553147751990268,6,snoRNA,protein_coding
snR79_tP(UGG)Q,snR79,tP(UGG)Q,0.0545282631054831,6,snoRNA,tRNA
snR79_YOR161W-A,snR79,YOR161W-A,0.0642680741640154,6,snoRNA,protein_coding
snR79_YLR402W,snR79,YLR402W,0.0770967567805306,6,snoRNA,protein_coding
snR79_YEL008C-A,snR79,YEL008C-A,0.0654244351612022,6,snoRNA,protein_coding
snR79_YDR276C,snR79,YDR276C,0.0501843578021839,6,snoRNA,protein_coding
snR79_YNL097W-A,snR79,YNL097W-A,0.0590726137117131,6,snoRNA,protein_coding
snR79_snR128,snR79,snR128,0.0525738177453802,6,snoRNA,snoRNA
snR79_tE(UUC)Q,snR79,tE(UUC)Q,0.054528263105483,6,snoRNA,tRNA
snR79_YMR272W-A,snR79,YMR272W-A,0.0506967579916254,6,snoRNA,protein_coding
snR79_YPL152W-A,snR79,YPL152W-A,0.0726320599099507,6,snoRNA,protein_coding
snR79_YPL189C-A,snR79,YPL189C-A,0.0746010767198319,6,snoRNA,protein_coding
snR79_YOR302W,snR79,YOR302W,0.0866600605487457,6,snoRNA,protein_coding
snR79_YDR524C-B,snR79,YDR524C-B,0.0523087172720083,6,snoRNA,protein_coding
snR79_YMR251W-A,snR79,YMR251W-A,0.0538421950265792,6,snoRNA,protein_coding
snR79_snR39B,snR79,snR39B,0.0913431129176414,6,snoRNA,snoRNA
snR79_YPL135C-A,snR79,YPL135C-A,0.057273103286937,6,snoRNA,protein_coding
YLR154W-F_YJR151W-A,YLR154W-F,YJR151W-A,0.326515758121328,6,protein_coding,protein_coding
YKL106C-A_YEL032C-A,YKL106C-A,YEL032C-A,0.0754543295269067,7,protein_coding,protein_coding
YKL106C-A_YDL232W,YKL106C-A,YDL232W,0.149155807053006,7,protein_coding,protein_coding
YKL106C-A_YBR141W-A,YKL106C-A,YBR141W-A,0.0815698836269991,7,protein_coding,protein_coding
YEL032C-A_YKL106C-A,YEL032C-A,YKL106C-A,0.0787173328466108,7,protein_coding,protein_coding
YEL032C-A_YDL232W,YEL032C-A,YDL232W,0.159796238943051,7,protein_coding,protein_coding
YEL032C-A_YMR272W-A,YEL032C-A,YMR272W-A,0.0796662266079309,7,protein_coding,protein_coding
YEL032C-A_YER053C-A,YEL032C-A,YER053C-A,0.0746311529853945,7,protein_coding,protein_coding
YEL032C-A_snR59,YEL032C-A,snR59,0.0693435700771775,7,protein_coding,snoRNA
tP(UGG)Q_snR18,tP(UGG)Q,snR18,-0.0979011106174895,7,tRNA,snoRNA
tP(UGG)Q_tE(UUC)Q,tP(UGG)Q,tE(UUC)Q,0.0521857982148613,7,tRNA,tRNA
tP(UGG)Q_snR39,tP(UGG)Q,snR39,-0.0719644221635523,7,tRNA,snoRNA
YOR161W-A_YOR302W,YOR161W-A,YOR302W,0.0719372842838041,7,protein_coding,protein_coding
YDL232W_YKL106C-A,YDL232W,YKL106C-A,0.148835809648962,7,protein_coding,protein_coding
YDL232W_YEL032C-A,YDL232W,YEL032C-A,0.15221782168409,7,protein_coding,protein_coding
YDL232W_tP(UGG)Q,YDL232W,tP(UGG)Q,-0.101458606583316,7,protein_coding,tRNA
YDL232W_snR18,YDL232W,snR18,0.257393808084089,7,protein_coding,snoRNA
YDL232W_YLR149C-A,YDL232W,YLR149C-A,0.0528681159508726,7,protein_coding,protein_coding
YDL232W_snR87,YDL232W,snR87,0.0744374054354003,7,protein_coding,snoRNA
YDL232W_snR69,YDL232W,snR69,0.0938109761384995,7,protein_coding,snoRNA
YDL232W_YNL145W,YDL232W,YNL145W,0.0548290451269491,7,protein_coding,protein_coding
YDL232W_tV(AAC)O,YDL232W,tV(AAC)O,0.0846282249600512,7,protein_coding,tRNA
YDL232W_tE(UUC)Q,YDL232W,tE(UUC)Q,-0.101458606583317,7,protein_coding,tRNA
YDL232W_YHR073W-A,YDL232W,YHR073W-A,0.0723259657851096,7,protein_coding,protein_coding
YDL232W_YER090C-A,YDL232W,YER090C-A,0.0875656270980923,7,protein_coding,protein_coding
YDL232W_snR50,YDL232W,snR50,0.0734935052239929,7,protein_coding,snoRNA
YDL232W_YMR182W-A,YDL232W,YMR182W-A,0.0724137350123818,7,protein_coding,protein_coding
YDL232W_tR(CCU)J,YDL232W,tR(CCU)J,0.072014847051999,7,protein_coding,tRNA
YDL232W_snR59,YDL232W,snR59,0.128466863790974,7,protein_coding,snoRNA
YDL232W_YNL144W-A,YDL232W,YNL144W-A,0.0546065745864236,7,protein_coding,protein_coding
YDL232W_snR39,YDL232W,snR39,0.210271642963166,7,protein_coding,snoRNA
YDL232W_YLR299C-A,YDL232W,YLR299C-A,0.0679814082183805,7,protein_coding,protein_coding
YDL232W_snR78,YDL232W,snR78,0.0626436218620941,7,protein_coding,snoRNA
YDL232W_YBR126W-A,YDL232W,YBR126W-A,0.058164571550462,7,protein_coding,protein_coding
snR18_tP(UGG)Q,snR18,tP(UGG)Q,-0.0982484555656889,7,snoRNA,tRNA
snR18_YDL232W,snR18,YDL232W,0.262718758182356,7,snoRNA,protein_coding
snR18_tV(AAC)O,snR18,tV(AAC)O,0.0806350859000253,7,snoRNA,tRNA
snR18_tE(UUC)Q,snR18,tE(UUC)Q,-0.098248455565689,7,snoRNA,tRNA
snR18_YHR073W-A,snR18,YHR073W-A,0.0634851297819064,7,snoRNA,protein_coding
snR18_YER090C-A,snR18,YER090C-A,0.0772752891825427,7,snoRNA,protein_coding
snR18_tR(CCU)J,snR18,tR(CCU)J,0.0681246444167236,7,snoRNA,tRNA
snR18_snR39,snR18,snR39,0.182845728091289,7,snoRNA,snoRNA
snR18_YLR299C-A,snR18,YLR299C-A,0.0629156435979563,7,snoRNA,protein_coding
YLR402W_snR128,YLR402W,snR128,0.0513489936786739,7,protein_coding,snoRNA
YLR402W_YOR302W,YLR402W,YOR302W,0.0902347211850379,7,protein_coding,protein_coding
YLR402W_snR79,YLR402W,snR79,0.0722035786863703,7,protein_coding,snoRNA
YEL008C-A_YBR141W-A,YEL008C-A,YBR141W-A,0.0673998868032649,7,protein_coding,protein_coding
YNL097W-A_YBR141W-A,YNL097W-A,YBR141W-A,0.0630860563398247,7,protein_coding,protein_coding
YNL097W-A_snR79,YNL097W-A,snR79,0.0621902125036669,7,protein_coding,snoRNA
snR128_YLR402W,snR128,YLR402W,0.0507157857509702,7,snoRNA,protein_coding
snR128_YOR302W,snR128,YOR302W,0.0701275762770194,7,snoRNA,protein_coding
tV(AAC)O_snR39,tV(AAC)O,snR39,0.0655436484128725,7,tRNA,snoRNA
tE(UUC)Q_tP(UGG)Q,tE(UUC)Q,tP(UGG)Q,0.0521857982148603,7,tRNA,tRNA
tE(UUC)Q_snR18,tE(UUC)Q,snR18,-0.0979011106174896,7,tRNA,snoRNA
tE(UUC)Q_snR39,tE(UUC)Q,snR39,-0.0719644221635525,7,tRNA,snoRNA
YDL184C_YJR151W-A,YDL184C,YJR151W-A,0.233792515986915,7,protein_coding,protein_coding
YMR272W-A_YEL032C-A,YMR272W-A,YEL032C-A,0.078478090355195,7,protein_coding,protein_coding
YMR272W-A_YER053C-A,YMR272W-A,YER053C-A,0.0724092190765684,7,protein_coding,protein_coding
YMR272W-A_YKL100W-A,YMR272W-A,YKL100W-A,0.0559589181536503,7,protein_coding,protein_coding
YMR272W-A_YHL015W-A,YMR272W-A,YHL015W-A,0.0529772053835836,7,protein_coding,protein_coding
YPL152W-A_snR24,YPL152W-A,snR24,0.0530673822799249,7,protein_coding,snoRNA
snR75_YJR151W-A,snR75,YJR151W-A,0.190055061430724,7,snoRNA,protein_coding
snR67_YJR151W-A,snR67,YJR151W-A,0.422524863086001,7,snoRNA,protein_coding
YOR302W_tP(UGG)Q,YOR302W,tP(UGG)Q,0.0664028329283096,7,protein_coding,tRNA
YOR302W_YOR161W-A,YOR302W,YOR161W-A,0.0705908611854374,7,protein_coding,protein_coding
YOR302W_snR18,YOR302W,snR18,-0.0848759732831223,7,protein_coding,snoRNA
YOR302W_YLR402W,YOR302W,YLR402W,0.0896657244288589,7,protein_coding,protein_coding
YOR302W_snR128,YOR302W,snR128,0.0708803014863173,7,protein_coding,snoRNA
YOR302W_tE(UUC)Q,YOR302W,tE(UUC)Q,0.0664028329283098,7,protein_coding,tRNA
YOR302W_YPL152W-A,YOR302W,YPL152W-A,0.0605952605085762,7,protein_coding,protein_coding
YOR302W_YPL189C-A,YOR302W,YPL189C-A,0.0635800280899861,7,protein_coding,protein_coding
YOR302W_tV(UAC)Q,YOR302W,tV(UAC)Q,0.0530926397160993,7,protein_coding,tRNA
YOR302W_snR79,YOR302W,snR79,0.10420324616748,7,protein_coding,snoRNA
snR24_YPL152W-A,snR24,YPL152W-A,0.0512599682741582,7,snoRNA,protein_coding
YJR151W-A_YMR315W-A,YJR151W-A,YMR315W-A,0.0504451545360695,7,protein_coding,protein_coding
YJR151W-A_snR61,YJR151W-A,snR61,0.0623173589950233,7,protein_coding,snoRNA
YJR151W-A_snR57,YJR151W-A,snR57,0.0631609719804419,7,protein_coding,snoRNA
YJR151W-A_snR76,YJR151W-A,snR76,0.144501132711522,7,protein_coding,snoRNA
YJR151W-A_YDR034C-A,YJR151W-A,YDR034C-A,0.0788872114361077,7,protein_coding,protein_coding
YJR151W-A_YPR160W-A,YJR151W-A,YPR160W-A,0.101547827936972,7,protein_coding,protein_coding
YJR151W-A_snR71,YJR151W-A,snR71,0.103777440463189,7,protein_coding,snoRNA
YJR151W-A_snR66,YJR151W-A,snR66,0.153976605403993,7,protein_coding,snoRNA
YJR151W-A_YOR335W-A,YJR151W-A,YOR335W-A,0.0941328833319152,7,protein_coding,protein_coding
YJR151W-A_YDL184C,YJR151W-A,YDL184C,0.240886787599226,7,protein_coding,protein_coding
YJR151W-A_snR58,YJR151W-A,snR58,0.116083818290993,7,protein_coding,snoRNA
YJR151W-A_snR75,YJR151W-A,snR75,0.196202898942353,7,protein_coding,snoRNA
YJR151W-A_snR67,YJR151W-A,snR67,0.418602966627581,7,protein_coding,snoRNA
YJR151W-A_YOR302W,YJR151W-A,YOR302W,-0.151917771541196,7,protein_coding,protein_coding
YJR151W-A_snR24,YJR151W-A,snR24,0.159716924033828,7,protein_coding,snoRNA
YJR151W-A_YBR141W-A,YJR151W-A,YBR141W-A,-0.141033126435771,7,protein_coding,protein_coding
YJR151W-A_snR51,YJR151W-A,snR51,0.0692583777650837,7,protein_coding,snoRNA
YJR151W-A_YLR162W-A,YJR151W-A,YLR162W-A,0.119062051949316,7,protein_coding,protein_coding
YJR151W-A_YER053C-A,YJR151W-A,YER053C-A,0.194191767586444,7,protein_coding,protein_coding
YJR151W-A_YLR163W-A,YJR151W-A,YLR163W-A,0.14796567242431,7,protein_coding,protein_coding
YJR151W-A_YKL100W-A,YJR151W-A,YKL100W-A,0.155061898832563,7,protein_coding,protein_coding
YJR151W-A_YHL015W-A,YJR151W-A,YHL015W-A,0.153323396250493,7,protein_coding,protein_coding
YJR151W-A_YLR154W-F,YJR151W-A,YLR154W-F,0.331075861264739,7,protein_coding,protein_coding
YJR151W-A_YDL114W-A,YJR151W-A,YDL114W-A,0.0983587927600083,7,protein_coding,protein_coding
YBR141W-A_YKL106C-A,YBR141W-A,YKL106C-A,0.0790783423981958,7,protein_coding,protein_coding
YBR141W-A_YCR038W-A,YBR141W-A,YCR038W-A,0.0560757268202657,7,protein_coding,protein_coding
YBR141W-A_YEL008C-A,YBR141W-A,YEL008C-A,0.0667158150619699,7,protein_coding,protein_coding
YBR141W-A_YNL097W-A,YBR141W-A,YNL097W-A,0.0627185325878272,7,protein_coding,protein_coding
YBR141W-A_snR39B,YBR141W-A,snR39B,0.0631562639182871,7,protein_coding,snoRNA
YBR141W-A_snR79,YBR141W-A,snR79,0.0719617855058171,7,protein_coding,snoRNA
YER053C-A_YMR272W-A,YER053C-A,YMR272W-A,0.0730417687888338,7,protein_coding,protein_coding
YER053C-A_YJR151W-A,YER053C-A,YJR151W-A,0.183752475185588,7,protein_coding,protein_coding
YKL100W-A_YMR272W-A,YKL100W-A,YMR272W-A,0.056211975506541,7,protein_coding,protein_coding
YKL100W-A_YER053C-A,YKL100W-A,YER053C-A,0.0614338392827672,7,protein_coding,protein_coding
snR59_YEL032C-A,snR59,YEL032C-A,0.0667320522085092,7,snoRNA,protein_coding
snR59_YDL232W,snR59,YDL232W,0.130458793281969,7,snoRNA,protein_coding
snR39_tP(UGG)Q,snR39,tP(UGG)Q,-0.0736016714588972,7,snoRNA,tRNA
snR39_YDL232W,snR39,YDL232W,0.217614469654282,7,snoRNA,protein_coding
snR39_snR18,snR39,snR18,0.185452329073319,7,snoRNA,snoRNA
snR39_tV(AAC)O,snR39,tV(AAC)O,0.0645582170326228,7,snoRNA,tRNA
snR39_tE(UUC)Q,snR39,tE(UUC)Q,-0.0736016714588967,7,snoRNA,tRNA
snR39_YHR073W-A,snR39,YHR073W-A,0.0519877593481844,7,snoRNA,protein_coding
snR39_YER090C-A,snR39,YER090C-A,0.0648513138603977,7,snoRNA,protein_coding
snR39_YMR182W-A,snR39,YMR182W-A,0.0550108281267841,7,snoRNA,protein_coding
YHL015W-A_YMR272W-A,YHL015W-A,YMR272W-A,0.0547836052981166,7,protein_coding,protein_coding
snR79_YOR161W-A,snR79,YOR161W-A,0.0539556928187308,7,snoRNA,protein_coding
snR79_YLR402W,snR79,YLR402W,0.0743982868758003,7,snoRNA,protein_coding
snR79_YEL008C-A,snR79,YEL008C-A,0.0505939986759686,7,snoRNA,protein_coding
snR79_YNL097W-A,snR79,YNL097W-A,0.0615973419057024,7,snoRNA,protein_coding
snR79_snR128,snR79,snR128,0.0604585928816687,7,snoRNA,snoRNA
snR79_YPL189C-A,snR79,YPL189C-A,0.057246025689213,7,snoRNA,protein_coding
snR79_YOR302W,snR79,YOR302W,0.108379812529243,7,snoRNA,protein_coding
snR79_YBR141W-A,snR79,YBR141W-A,0.0697785392821018,7,snoRNA,protein_coding
snR79_snR39B,snR79,snR39B,0.0501795785695324,7,snoRNA,snoRNA
snR79_YCR024C-A,snR79,YCR024C-A,0.0528270330062632,7,snoRNA,protein_coding
snR79_YPL135C-A,snR79,YPL135C-A,0.058792895422493,7,snoRNA,protein_coding
YLR154W-F_YJR151W-A,YLR154W-F,YJR151W-A,0.330502855358153,7,protein_coding,protein_coding
YPL135C-A_snR79,YPL135C-A,snR79,0.058179008507774,7,protein_coding,snoRNA
