Reg,Regulator,TargetGene,Weight,Module
YPR182W_YOL039W,YPR182W,YOL039W,0.0105403114178809,1
snR77_YBR252W,snR77,YBR252W,0.0106984915985004,1
snR77_YLR062C,snR77,YLR062C,0.0110132278629528,1
snR77_YGR063C,snR77,YGR063C,0.0125315681119823,1
snR77_YLR402W,snR77,YLR402W,0.0407035641478918,1
snR77_YDL061C,snR77,YDL061C,0.0389705899376183,1
snR77_YML129C,snR77,YML129C,0.0457613336028126,1
snR77_YDR276C,snR77,YDR276C,0.0357086596937868,1
snR77_YPL136W,snR77,YPL136W,0.0133884308430004,1
snR77_YDR193W,snR77,YDR193W,0.010300738222603,1
snR77_YGL030W,snR77,YGL030W,0.010696713594708,1
snR77_YOR146W,snR77,YOR146W,0.0110547115431669,1
snR77_YNL086W,snR77,YNL086W,0.0121772046596254,1
snR77_snR13,snR77,snR13,0.017520194962844,1
snR77_YLR185W,snR77,YLR185W,0.0176588489588711,1
snR77_snR85,snR77,snR85,0.0227753055905377,1
snR77_YIL052C,snR77,YIL052C,0.0114993494423659,1
snR77_YGR105W,snR77,YGR105W,0.0148973835299808,1
snR77_YOR167C,snR77,YOR167C,0.0176689094478128,1
snR77_YJR085C,snR77,YJR085C,0.012694900008271,1
snR77_YDR500C,snR77,YDR500C,0.010188441730073,1
YDL232W_snR64,YDL232W,snR64,0.0606839464006097,1
YDL232W_snR24,YDL232W,snR24,0.044280561624167,1
snR18_snR39,snR18,snR39,0.184635135738049,1
YLR402W_snR77,YLR402W,snR77,0.0381228855990584,1
YLR402W_YPL136W,YLR402W,YPL136W,0.0100115750818757,1
YLR402W_YLR388W,YLR402W,YLR388W,0.0118256518796734,1
YLR402W_snR85,YLR402W,snR85,0.0183000059818553,1
YLR402W_YGR105W,YLR402W,YGR105W,0.0112639111630399,1
snR76_snR54,snR76,snR54,0.014116846525044,1
snR76_snR74,snR76,snR74,0.0314774329858052,1
snR87_YNL145W,snR87,YNL145W,0.0117510938579385,1
snR87_snR38,snR87,snR38,0.0176524617151412,1
YML129C_YLR062C,YML129C,YLR062C,0.0106744221093087,1
YML129C_YLR185W,YML129C,YLR185W,0.0164518152162321,1
YML129C_snR65,YML129C,snR65,0.0276266626453767,1
YML129C_YIL052C,YML129C,YIL052C,0.0104124582225929,1
YDR276C_YLR402W,YDR276C,YLR402W,0.0246125312937861,1
YDR276C_snR13,YDR276C,snR13,0.0107572524241399,1
YDR276C_YOR167C,YDR276C,YOR167C,0.0109350225388578,1
snR64_YDL232W,snR64,YDL232W,0.0619074992803541,1
snR128_YJL205C,snR128,YJL205C,0.0176204822399627,1
snR58_snR64,snR58,snR64,0.0195550478045941,1
snR40_snR87,snR40,snR87,0.0506167064594675,1
snR40_YOR302W,snR40,YOR302W,0.0410070571826435,1
snR40_YDL067C,snR40,YDL067C,0.0256308044564759,1
snR67_snR38,snR67,snR38,0.020515613149378,1
snR67_snR55,snR67,snR55,0.0578311763257477,1
snR67_snR39B,snR67,snR39B,0.0833717246672516,1
snR67_snR79,snR67,snR79,0.142046096788779,1
YOR302W_YJL205C,YOR302W,YJL205C,0.0226521033780866,1
YOR302W_YPR183W,YOR302W,YPR183W,0.0100872131384019,1
YOR302W_snR40,YOR302W,snR40,0.0414548369898109,1
YOR302W_YLR264W,YOR302W,YLR264W,0.0187147781154772,1
YOR302W_YJL136C,YOR302W,YJL136C,0.0111571571024098,1
snR39_snR61,snR39,snR61,0.0127528192802985,1
snR39_YJL205C,snR39,YJL205C,0.0472175640933675,1
snR39_snR18,snR39,snR18,0.180879785450929,1
snR39_snR87,snR39,snR87,0.114000106299134,1
snR39_YNL145W,snR39,YNL145W,0.0165236143264176,1
snR39_snR60,snR39,snR60,0.0187373851619466,1
snR39_snR128,snR39,snR128,0.0766713962985261,1
snR39_YPL047W,snR39,YPL047W,0.0138939379145268,1
snR39_snR40,snR39,snR40,0.0878165387297872,1
snR39_snR38,snR39,snR38,0.026257734915843,1
snR39_YOR302W,snR39,YOR302W,0.0869469222584387,1
snR39_YKR057W,snR39,YKR057W,0.0510274311968408,1
snR39_YDL067C,snR39,YDL067C,0.0606729878375622,1
snR39_YLR230W,snR39,YLR230W,0.0167103886567729,1
snR39_snR80,snR39,snR80,0.010641930891219,1
snR39_YJL136C,snR39,YJL136C,0.02632230658757,1
snR39_YJR146W,snR39,YJR146W,0.0117653031983988,1
snR39_snR72,snR39,snR72,0.0260013455649158,1
snR39_snR70,snR39,snR70,0.012240323204738,1
snR39_YDR185C,snR39,YDR185C,0.0109482039817485,1
snR39_YJL118W,snR39,YJL118W,0.0132939448741291,1
snR39_YNL028W,snR39,YNL028W,0.0185410848582138,1
snR39_snR55,snR39,snR55,0.0681433361841691,1
snR39_snR36,snR39,snR36,0.013953252849755,1
snR39_snR39B,snR39,snR39B,0.110162188339509,1
snR39_YPL252C,snR39,YPL252C,0.0167289621520304,1
snR39B_snR87,snR39B,snR87,0.0643238939325378,1
snR79_RNA170,snR79,RNA170,0.0222432787079943,1
snR79_YLR333C,snR79,YLR333C,0.0105388505522598,1
snR79_YDL232W,snR79,YDL232W,0.133760110897819,1
snR79_snR64,snR79,snR64,0.114715444075777,1
snR79_snR66,snR79,snR66,0.116881346926491,1
snR79_snR74,snR79,snR74,0.0865477697307854,1
snR79_YDR016C,snR79,YDR016C,0.0127629289255545,1
snR79_snR67,snR79,snR67,0.148025025395861,1
snR79_snR6,snR79,snR6,0.0181339540228669,1
snR79_snR10,snR79,snR10,0.0162873175031462,1
snR79_snR55,snR79,snR55,0.0806829267906619,1
YDL232W_YLR333C,YDL232W,YLR333C,0.0113870923205387,2
YDL232W_snR64,YDL232W,snR64,0.0879628368241726,2
YDL232W_YDR016C,YDL232W,YDR016C,0.0136864439815482,2
snR18_snR39,snR18,snR39,0.118016287863027,2
YML129C_YDL061C,YML129C,YDL061C,0.0399145146910405,2
snR128_YJL205C,snR128,YJL205C,0.0217459793639554,2
snR128_YKR057W,snR128,YKR057W,0.0310953729472049,2
snR128_snR62,snR128,snR62,0.0109684147380519,2
snR40_YDL067C,snR40,YDL067C,0.0155952156551018,2
snR67_snR79,snR67,snR79,0.153481161110071,2
YOR302W_snR40,YOR302W,snR40,0.0347894164736331,2
YOR302W_YLR264W,YOR302W,YLR264W,0.0170854160972405,2
YKR057W_YJL205C,YKR057W,YJL205C,0.0166138713615535,2
snR39_snR87,snR39,snR87,0.0758394074134836,2
snR39_YNL145W,snR39,YNL145W,0.0243210318633472,2
snR39_snR60,snR39,snR60,0.029377311181351,2
snR39_snR128,snR39,snR128,0.0729410261761864,2
snR39_YPL047W,snR39,YPL047W,0.0141735171110061,2
snR39_snR38,snR39,snR38,0.0455767095598464,2
snR39_YKR057W,snR39,YKR057W,0.0583077081815276,2
snR39_YLR230W,snR39,YLR230W,0.0214420627234106,2
snR39_YJL136C,snR39,YJL136C,0.0239086899946925,2
snR39_snR72,snR39,snR72,0.0386812172988238,2
snR39_YPL252C,snR39,YPL252C,0.0161018090319056,2
snR39B_snR55,snR39B,snR55,0.0319890532213718,2
snR79_snR64,snR79,snR64,0.0856313720882962,2
snR79_snR66,snR79,snR66,0.127121439467093,2
snR79_YNL244C,snR79,YNL244C,0.010113161768597,2
snR79_snR74,snR79,snR74,0.0981441008323038,2
snR79_snR67,snR79,snR67,0.156988560288398,2
snR79_snR6,snR79,snR6,0.0159735930191344,2
snR79_snR55,snR79,snR55,0.0593204329967648,2
YPR182W_YMR002W,YPR182W,YMR002W,0.0118616104360241,2
YDL232W_YBR082C,YDL232W,YBR082C,0.0161169809059471,2
YDL232W_YER009W,YDL232W,YER009W,0.017361892061645,2
YDL232W_snR87,YDL232W,snR87,0.102190293367814,2
YDL232W_YBL001C,YDL232W,YBL001C,0.0122295402383698,2
YDL232W_YNL145W,YDL232W,YNL145W,0.0309211048350792,2
YDL232W_YDR461W,YDL232W,YDR461W,0.0314388693400267,2
YDL232W_snR43,YDL232W,snR43,0.0118723121779281,2
YDL232W_YDL067C,YDL232W,YDL067C,0.0446146228256745,2
YDL232W_snR55,YDL232W,snR55,0.0629093141305242,2
YDL232W_snR39,YDL232W,snR39,0.140071609102842,2
YDL232W_snR39B,YDL232W,snR39B,0.0957291288436946,2
snR18_YPL142C,snR18,YPL142C,0.0126126355949842,2
snR18_YJL205C,snR18,YJL205C,0.0361463108899717,2
snR18_YPR183W,snR18,YPR183W,0.0156692288720819,2
snR18_YGR063C,snR18,YGR063C,0.015225164607537,2
snR18_YNL300W,snR18,YNL300W,0.0119870360109358,2
snR18_snR69,snR18,snR69,0.0504873735667527,2
snR18_snR31,snR18,snR31,0.0106555478178939,2
snR18_snR161,snR18,snR161,0.0199483576132782,2
snR18_snR71,snR18,snR71,0.0111923324742538,2
snR18_YPL136W,snR18,YPL136W,0.0161174993408605,2
snR18_snR128,snR18,snR128,0.0661126162066134,2
snR18_YDR476C,snR18,YDR476C,0.0155134297383005,2
snR18_YPL047W,snR18,YPL047W,0.0111941641204294,2
snR18_snR58,snR18,snR58,0.0296422118803244,2
snR18_YHL018W,snR18,YHL018W,0.015839340530727,2
snR18_YIR044C,snR18,YIR044C,0.0111419679688738,2
snR18_snR40,snR18,snR40,0.0530725692505399,2
snR18_YMR123W,snR18,YMR123W,0.013248815218935,2
snR18_YLR388W,snR18,YLR388W,0.0364692140332725,2
snR18_YLR264W,snR18,YLR264W,0.0294980076104796,2
snR18_YNL015W,snR18,YNL015W,0.0119855530488142,2
snR18_YKR057W,snR18,YKR057W,0.0506502117151066,2
snR18_YLR230W,snR18,YLR230W,0.0151394273212542,2
snR18_snR46,snR18,snR46,0.0141811465929064,2
snR18_YPL251W,snR18,YPL251W,0.0144604598551133,2
snR18_YGR183C,snR18,YGR183C,0.0166406579930995,2
snR18_YOL005C,snR18,YOL005C,0.013664858406477,2
snR18_YGR064W,snR18,YGR064W,0.0114776527797675,2
snR18_YJL136C,snR18,YJL136C,0.0189812739951422,2
snR18_YJR048W,snR18,YJR048W,0.0104697440544515,2
snR18_YLR185W,snR18,YLR185W,0.020555340959195,2
snR18_YDR115W,snR18,YDR115W,0.0110963495956703,2
snR18_YLR390W,snR18,YLR390W,0.0113616502312287,2
snR18_YPL079W,snR18,YPL079W,0.0118219548291649,2
snR18_YIL059C,snR18,YIL059C,0.0128960561848577,2
snR18_snR85,snR18,snR85,0.0457622171392914,2
snR18_YPL102C,snR18,YPL102C,0.0107459314448452,2
snR18_YIL052C,snR18,YIL052C,0.0153361588217026,2
snR18_snR62,snR18,snR62,0.0178755571489519,2
snR18_YOR167C,snR18,YOR167C,0.0173316046852985,2
snR18_YPL252C,snR18,YPL252C,0.0139960437551357,2
snR18_YCR046C,snR18,YCR046C,0.0119470043453807,2
YDL061C_YML129C,YDL061C,YML129C,0.0395306486771839,2
YDL061C_snR75,YDL061C,snR75,0.0152806459020171,2
YDL061C_snR13,YDL061C,snR13,0.0122061864292074,2
snR87_YDL232W,snR87,YDL232W,0.108750505178647,2
snR87_YDR461W,snR87,YDR461W,0.0152963628998428,2
YML129C_snR77,YML129C,snR77,0.0898503944315969,2
YML129C_YDR276C,YML129C,YDR276C,0.0311279899314703,2
YML129C_YGR105W,YML129C,YGR105W,0.0164286637971753,2
snR69_snR128,snR69,snR128,0.0312491005279557,2
snR69_snR78,snR69,snR78,0.0157359656493846,2
snR64_snR55,snR64,snR55,0.0317131694065194,2
snR64_snR39B,snR64,snR39B,0.0484296345004903,2
snR128_snR69,snR128,snR69,0.0308596126651526,2
snR128_snR161,snR128,snR161,0.0121213494795198,2
snR128_snR58,snR128,snR58,0.0187885649809555,2
snR128_snR40,snR128,snR40,0.0312444783187255,2
snR128_YLR388W,snR128,YLR388W,0.0224791881073968,2
snR128_YLR264W,snR128,YLR264W,0.0175815721384262,2
snR128_YGR183C,snR128,YGR183C,0.0103074751458674,2
snR128_YJL136C,snR128,YJL136C,0.0117576694508419,2
snR128_snR85,snR128,snR85,0.0280668385515055,2
snR128_snR78,snR128,snR78,0.0199977603338229,2
snR40_YJL205C,snR40,YJL205C,0.0186373145365553,2
snR40_snR81,snR40,snR81,0.0114842416950864,2
YOR302W_YPR182W,YOR302W,YPR182W,0.0326517832375277,2
YOR302W_YLR062C,YOR302W,YLR062C,0.010806711330393,2
YOR302W_YGR063C,YOR302W,YGR063C,0.0104492841363551,2
YOR302W_YPL098C,YOR302W,YPL098C,0.0116131311743071,2
YOR302W_YLR402W,YOR302W,YLR402W,0.0332945398629484,2
YOR302W_YJR018W,YOR302W,YJR018W,0.0128231916935211,2
YOR302W_YNR046W,YOR302W,YNR046W,0.0122604563592776,2
YOR302W_YPL136W,YOR302W,YPL136W,0.0110431553806563,2
YOR302W_snR75,YOR302W,snR75,0.0151070355330204,2
YOR302W_snR81,YOR302W,snR81,0.0128154752196968,2
YOR302W_YNL086W,YOR302W,YNL086W,0.0115946441325182,2
YOR302W_YJR034W,YOR302W,YJR034W,0.0102645512728098,2
YOR302W_snR13,YOR302W,snR13,0.0126281510796583,2
YOR302W_YLR185W,YOR302W,YLR185W,0.0144355406341914,2
YOR302W_YFR036W,YOR302W,YFR036W,0.0111912849370068,2
YOR302W_YMR256C,YOR302W,YMR256C,0.0110793638943793,2
YOR302W_YOR167C,YOR302W,YOR167C,0.0120291753602875,2
YOR302W_YJR085C,YOR302W,YJR085C,0.0105921925031161,2
YOR302W_YDR500C,YOR302W,YDR500C,0.0102209422976841,2
YOR302W_YPL271W,YOR302W,YPL271W,0.0138616595358134,2
YKR057W_snR69,YKR057W,snR69,0.023208954184999,2
YKR057W_snR78,YKR057W,snR78,0.0156563287230821,2
snR55_snR64,snR55,snR64,0.0317385390081606,2
snR39_YBR082C,snR39,YBR082C,0.0114094300920684,2
snR39_YPR052C,snR39,YPR052C,0.0125778217257406,2
snR39_YPL142C,snR39,YPL142C,0.0154723041396507,2
snR39_YER009W,snR39,YER009W,0.0119966293146413,2
snR39_YDL232W,snR39,YDL232W,0.150597434331763,2
snR39_YJL191W,snR39,YJL191W,0.0128363481770946,2
snR39_snR9,snR39,snR9,0.0113769695176895,2
snR39_snR161,snR39,snR161,0.0221706792506034,2
snR39_snR71,snR39,snR71,0.0139259994477132,2
snR39_snR58,snR39,snR58,0.0428207378872399,2
snR39_YLR388W,snR39,YLR388W,0.0425515986945097,2
snR39_YNL015W,snR39,YNL015W,0.016660881277589,2
snR39_snR46,snR39,snR46,0.0187948272346032,2
snR39_YGR183C,snR39,YGR183C,0.0210046257863957,2
snR39_YOL005C,snR39,YOL005C,0.0160847390136512,2
snR39_YDR115W,snR39,YDR115W,0.0137984618451293,2
snR39_YGR242W,snR39,YGR242W,0.0105218113862321,2
snR39_snR85,snR39,snR85,0.0529226727477951,2
snR39_snR62,snR39,snR62,0.0198854228252375,2
snR39_YOR226C,snR39,YOR226C,0.0104627453609457,2
snR39B_snR64,snR39B,snR64,0.045252888612534,2
snR39B_YDR461W,snR39B,YDR461W,0.0145484916747224,2
snR79_snR73,snR79,snR73,0.058082692774155,2
snR79_snR61,snR79,snR61,0.0164343688857792,2
snR79_snR57,snR79,snR57,0.0284498405071098,2
snR79_snR76,snR79,snR76,0.128086385707431,2
snR79_YBR067C,snR79,YBR067C,0.0133236237759837,2
snR79_YOL109W,snR79,YOL109W,0.0147286308819826,2
snR79_YOR210W,snR79,YOR210W,0.037898661760866,2
snR79_snR190,snR79,snR190,0.0166369422357008,2
snR79_YBR113W,snR79,YBR113W,0.0199257720483213,2
snR79_YDR156W,snR79,YDR156W,0.0141849906559633,2
snR79_YML009C,snR79,YML009C,0.033620510740859,2
snR79_snR24,snR79,snR24,0.0640227401608759,2
snR79_YDR210W,snR79,YDR210W,0.0292737513178184,2
snR79_YLR043C,snR79,YLR043C,0.0228079989224443,2
snR79_YGL041C,snR79,YGL041C,0.0129231614328491,2
snR79_YPR100W,snR79,YPR100W,0.0106315169965352,2
snR79_YMR174C,snR79,YMR174C,0.0316467827787839,2
snR79_snR39B,snR79,snR39B,0.0902048932730771,2
snR79_snR4,snR79,snR4,0.0122259348437855,2
snR79_YIL087C,snR79,YIL087C,0.0168606662225601,2
YDL232W_YLR333C,YDL232W,YLR333C,0.0121021305460467,3
YDL232W_snR64,YDL232W,snR64,0.0899176922109426,3
YDL232W_YDR016C,YDL232W,YDR016C,0.0141521331686671,3
YDL232W_snR79,YDL232W,snR79,0.12899165827117,3
snR18_snR39,snR18,snR39,0.124896372039276,3
YDL061C_YDL184C,YDL061C,YDL184C,0.0417178156891555,3
snR87_YNL145W,snR87,YNL145W,0.0147298436463254,3
YML129C_YDL061C,YML129C,YDL061C,0.0455034682691643,3
YML129C_YDL184C,YML129C,YDL184C,0.0494654336814441,3
YML129C_snR65,YML129C,snR65,0.0285424950651428,3
snR128_YJL205C,snR128,YJL205C,0.0233101407601112,3
snR128_snR62,snR128,snR62,0.0102347956761566,3
snR67_snR79,snR67,snR79,0.113738808557069,3
YKR057W_snR128,YKR057W,snR128,0.0293887979416467,3
snR39_YJL205C,snR39,YJL205C,0.0471408572394722,3
snR39_snR18,snR39,snR18,0.119495715530745,3
snR39_snR87,snR39,snR87,0.0865730322154882,3
snR39_YNL145W,snR39,YNL145W,0.0221027144719339,3
snR39_snR60,snR39,snR60,0.0282412618519275,3
snR39_snR128,snR39,snR128,0.0704629442925978,3
snR39_YPL047W,snR39,YPL047W,0.0138221283191907,3
snR39_snR40,snR39,snR40,0.0766187500682446,3
snR39_snR38,snR39,snR38,0.0503010759670934,3
snR39_YKR057W,snR39,YKR057W,0.0623213930394455,3
snR39_YLR230W,snR39,YLR230W,0.0222678287449728,3
snR39_YJL136C,snR39,YJL136C,0.0231840301067375,3
snR39_snR72,snR39,snR72,0.0398682804713792,3
snR39_snR55,snR39,snR55,0.0426364044186228,3
snR39_YPL252C,snR39,YPL252C,0.0157370138421179,3
snR79_YDL232W,snR79,YDL232W,0.124883535722173,3
snR79_snR66,snR79,snR66,0.086495561659794,3
snR79_YNL244C,snR79,YNL244C,0.0107109915025701,3
snR79_snR74,snR79,snR74,0.0725992745288737,3
snR79_snR67,snR79,snR67,0.113579065711468,3
snR79_snR6,snR79,snR6,0.0222248371050637,3
snR79_snR10,snR79,snR10,0.0161552808166808,3
YPR182W_YLR402W,YPR182W,YLR402W,0.0247903142266866,3
YDL232W_YBR082C,YDL232W,YBR082C,0.0155900737308584,3
YDL232W_YER009W,YDL232W,YER009W,0.0172936393749929,3
YDL232W_YBL001C,YDL232W,YBL001C,0.0137342148316373,3
YDL232W_YNL145W,YDL232W,YNL145W,0.0328190100129131,3
YDL232W_YDR461W,YDL232W,YDR461W,0.0350250967339076,3
YDL232W_snR43,YDL232W,snR43,0.0136967755263198,3
YDL232W_snR55,YDL232W,snR55,0.0658744246519807,3
YDL232W_snR39,YDL232W,snR39,0.132576915543858,3
YDL232W_snR39B,YDL232W,snR39B,0.0965100780453389,3
snR18_snR189,snR18,snR189,0.0203796220496944,3
snR18_YPL142C,snR18,YPL142C,0.013294182719476,3
snR18_YJL205C,snR18,YJL205C,0.0410416000234254,3
snR18_YPR183W,snR18,YPR183W,0.0153582887621406,3
snR18_YGR063C,snR18,YGR063C,0.0161207222137151,3
snR18_snR69,snR18,snR69,0.0430854383880282,3
snR18_snR161,snR18,snR161,0.0191372342475782,3
snR18_snR71,snR18,snR71,0.0164738546938123,3
snR18_YPL136W,snR18,YPL136W,0.01566157571709,3
snR18_snR128,snR18,snR128,0.0603963142073811,3
snR18_YDR476C,snR18,YDR476C,0.0157448108954337,3
snR18_YHL018W,snR18,YHL018W,0.015630248279313,3
snR18_YIR044C,snR18,YIR044C,0.0127836960941563,3
snR18_snR40,snR18,snR40,0.0661252495509532,3
snR18_YMR123W,snR18,YMR123W,0.0115048175996666,3
snR18_YLR388W,snR18,YLR388W,0.0368514772677329,3
snR18_YLR264W,snR18,YLR264W,0.0274293323132633,3
snR18_YKR057W,snR18,YKR057W,0.0522569452234525,3
snR18_YPL251W,snR18,YPL251W,0.0172942077099191,3
snR18_YOL005C,snR18,YOL005C,0.0128759698643489,3
snR18_YGR064W,snR18,YGR064W,0.0111911070992026,3
snR18_YJL136C,snR18,YJL136C,0.0180594470893842,3
snR18_YDR115W,snR18,YDR115W,0.0115230965351004,3
snR18_YLR390W,snR18,YLR390W,0.0116446661384504,3
snR18_YIL059C,snR18,YIL059C,0.0119937214727242,3
snR18_snR85,snR18,snR85,0.0378977565350857,3
snR18_YPL102C,snR18,YPL102C,0.0108897229842119,3
snR18_YIL052C,snR18,YIL052C,0.0138367641333383,3
snR18_snR62,snR18,snR62,0.0182037759197957,3
snR18_YPL252C,snR18,YPL252C,0.0134244199966887,3
YDL061C_YLR402W,YDL061C,YLR402W,0.0295481882616921,3
YDL061C_YML129C,YDL061C,YML129C,0.0449587075900154,3
YDL061C_snR75,YDL061C,snR75,0.017051432926594,3
YDL061C_snR13,YDL061C,snR13,0.0120892456800209,3
YDL061C_YLR185W,YDL061C,YLR185W,0.013160541977815,3
YDL061C_YGR105W,YDL061C,YGR105W,0.0142847599403879,3
YDL061C_YPL271W,YDL061C,YPL271W,0.0136016523994318,3
YML129C_snR77,YML129C,snR77,0.102712310450303,3
YML129C_YDR276C,YML129C,YDR276C,0.0316090071056147,3
snR64_YDR461W,snR64,YDR461W,0.0145966924110404,3
snR64_snR39B,snR64,snR39B,0.0416360259369096,3
snR128_snR161,snR128,snR161,0.010932008581127,3
snR128_snR40,snR128,snR40,0.0376635745559175,3
snR128_YJL136C,snR128,YJL136C,0.0105685248562579,3
snR128_snR85,snR128,snR85,0.0219963041890591,3
YDL184C_snR65,YDL184C,snR65,0.0309484161733348,3
snR58_snR87,snR58,snR87,0.0278631120170674,3
snR40_YJL205C,snR40,YJL205C,0.0244402345753253,3
snR40_snR18,snR40,snR18,0.0629662183256472,3
snR40_snR69,snR40,snR69,0.0250148974260719,3
snR40_snR161,snR40,snR161,0.0115013972558534,3
snR40_snR128,snR40,snR128,0.0359222218788075,3
snR40_YDR476C,snR40,YDR476C,0.010092517118097,3
snR40_YLR264W,snR40,YLR264W,0.0171918595849722,3
snR40_YPL251W,snR40,YPL251W,0.0109007770378009,3
snR40_YJL136C,snR40,YJL136C,0.0112922059903921,3
snR40_snR85,snR40,snR85,0.0237472146450607,3
snR38_snR60,snR38,snR60,0.011872538587954,3
snR38_snR72,snR38,snR72,0.015561983762129,3
YOR302W_YBR252W,YOR302W,YBR252W,0.0109992594916861,3
YOR302W_YLR062C,YOR302W,YLR062C,0.0119974068593884,3
YOR302W_YGR063C,YOR302W,YGR063C,0.0115520876963535,3
YOR302W_YDL061C,YOR302W,YDL061C,0.0396270550404834,3
YOR302W_YPL136W,YOR302W,YPL136W,0.0116917046228844,3
YOR302W_snR75,YOR302W,snR75,0.0183365394221421,3
YOR302W_YOR146W,YOR302W,YOR146W,0.0106569319065365,3
YOR302W_snR13,YOR302W,snR13,0.0139841375596231,3
YOR302W_YLR185W,YOR302W,YLR185W,0.01562754040307,3
YOR302W_YMR256C,YOR302W,YMR256C,0.0115881103833193,3
YOR302W_YGR105W,YOR302W,YGR105W,0.0147146413310606,3
YOR302W_YPL271W,YOR302W,YPL271W,0.0155401629772961,3
YKR057W_snR85,YKR057W,snR85,0.0186883745938687,3
YJL136C_snR87,YJL136C,snR87,0.0125376355576581,3
snR39_YBR082C,snR39,YBR082C,0.0107912092242189,3
snR39_YPR052C,snR39,YPR052C,0.0132473731947623,3
snR39_YPL142C,snR39,YPL142C,0.016882221202009,3
snR39_YER009W,snR39,YER009W,0.0114330246581817,3
snR39_YDL232W,snR39,YDL232W,0.139291867679617,3
snR39_YJL191W,snR39,YJL191W,0.0116628870262178,3
snR39_snR9,snR39,snR9,0.0112504115084838,3
snR39_snR161,snR39,snR161,0.0224735342932815,3
snR39_snR71,snR39,snR71,0.0202284037212384,3
snR39_snR58,snR39,snR58,0.0505751880894293,3
snR39_YLR388W,snR39,YLR388W,0.0441053896209191,3
snR39_YNL015W,snR39,YNL015W,0.0171787504596705,3
snR39_snR46,snR39,snR46,0.0179411234571448,3
snR39_YGR183C,snR39,YGR183C,0.0227369521986036,3
snR39_YOL005C,snR39,YOL005C,0.0160126831514361,3
snR39_YDR115W,snR39,YDR115W,0.0144983061537676,3
snR39_YGR242W,snR39,YGR242W,0.0109666976405881,3
snR39_snR85,snR39,snR85,0.0471758980930348,3
snR39_snR62,snR39,snR62,0.0201626105979557,3
snR39B_YDR461W,snR39B,YDR461W,0.016287799165485,3
snR79_snR73,snR79,snR73,0.0485158664860029,3
snR79_snR57,snR79,snR57,0.0194106775922581,3
snR79_snR76,snR79,snR76,0.119986575084654,3
snR79_YOL109W,snR79,YOL109W,0.0104079130408831,3
snR79_snR190,snR79,snR190,0.0159984789994791,3
snR79_YBR113W,snR79,YBR113W,0.0192246469274879,3
snR79_YML009C,snR79,YML009C,0.0311573015349188,3
snR79_YGL041C,snR79,YGL041C,0.0118653140797918,3
snR79_YPR100W,snR79,YPR100W,0.0112754062155063,3
snR79_snR39B,snR79,snR39B,0.0977814438284611,3
snR79_snR4,snR79,snR4,0.0107613885706979,3
YDL232W_YOR052C,YDL232W,YOR052C,0.0115162938995183,3
YDL232W_YFR003C,YDL232W,YFR003C,0.0118734417642532,3
YDL232W_YPL135W,YDL232W,YPL135W,0.0105043416187692,3
YDL232W_snR10,YDL232W,snR10,0.0184820437635744,3
YLR402W_YPR182W,YLR402W,YPR182W,0.0251310037180021,3
YDL061C_YPR182W,YDL061C,YPR182W,0.0288833980091539,3
snR128_YPL251W,snR128,YPL251W,0.0100911331302632,3
snR58_YDL067C,snR58,YDL067C,0.0109333152548287,3
snR38_snR58,snR38,snR58,0.016806491746111,3
snR24_snR59,snR24,snR59,0.0130012034565402,3
snR24_YJL064W,snR24,YJL064W,0.0101777565419566,3
snR59_snR24,snR59,snR24,0.0133608519103791,3
snR39_YPR183W,snR39,YPR183W,0.018254380513878,3
snR39_YCR031C,snR39,YCR031C,0.0149651360121252,3
snR39_snR69,snR39,snR69,0.0500026428989868,3
snR39_snR64,snR39,snR64,0.0536157924458589,3
snR39_YDR437W,snR39,YDR437W,0.0100009298713792,3
snR39_YDR476C,snR39,YDR476C,0.0186445852582966,3
snR39_YHL018W,snR39,YHL018W,0.0181658696051575,3
snR39_YLR264W,snR39,YLR264W,0.0300290337447358,3
snR39_YPL251W,snR39,YPL251W,0.0219504518282847,3
snR39_YAL030W,snR39,YAL030W,0.0112224805601107,3
snR39_YLR390W,snR39,YLR390W,0.0124727615241472,3
snR39_YPR168W,snR39,YPR168W,0.0105337265543892,3
snR39_YDR510W,snR39,YDR510W,0.0110417889375188,3
snR39_YDR471W,snR39,YDR471W,0.0102449056217142,3
snR39_YIL059C,snR39,YIL059C,0.0124354017246555,3
snR39_YLR395C,snR39,YLR395C,0.0156109050444739,3
snR39_snR78,snR39,snR78,0.0445575051350725,3
snR39_YFR033C,snR39,YFR033C,0.0110600762789637,3
snR39_YCR046C,snR39,YCR046C,0.0140621031315675,3
snR79_snR43,snR79,snR43,0.0128832365734701,3
snR79_snR51,snR79,snR51,0.0105510118791285,3
snR79_YIL057C,snR79,YIL057C,0.0132253185223767,3
snR79_YPR076W,snR79,YPR076W,0.0277341290883004,3
snR77_YDL061C,snR77,YDL061C,0.0739668829270314,4
snR77_YML129C,snR77,YML129C,0.0893109182502088,4
snR77_YDR276C,snR77,YDR276C,0.0560585820893497,4
snR77_YDL184C,snR77,YDL184C,0.0937397120815251,4
YDL232W_YLR333C,YDL232W,YLR333C,0.0113135800899012,4
YDL232W_snR64,YDL232W,snR64,0.0834976956744696,4
YDL232W_YDR016C,YDL232W,YDR016C,0.0129313123937477,4
YDL232W_snR79,YDL232W,snR79,0.144828480415262,4
snR18_snR39,snR18,snR39,0.14927955524917,4
YLR402W_YLR185W,YLR402W,YLR185W,0.0107383402728531,4
YLR402W_snR65,YLR402W,snR65,0.0187861575572764,4
snR87_snR39,snR87,snR39,0.126625258445613,4
YML129C_YDL061C,YML129C,YDL061C,0.0435327968075019,4
YML129C_YDL184C,YML129C,YDL184C,0.0500252245994034,4
YML129C_snR65,YML129C,snR65,0.0280766654693936,4
snR39_YIL008W,snR39,YIL008W,0.012581692360381,4
snR39_YJL205C,snR39,YJL205C,0.0572780324301522,4
snR39_snR18,snR39,snR18,0.146133059089427,4
snR39_snR87,snR39,snR87,0.127226886310558,4
snR39_snR60,snR39,snR60,0.0305936054940934,4
snR39_snR128,snR39,snR128,0.0566971815162044,4
snR39_YPL047W,snR39,YPL047W,0.0149598232710808,4
snR39_snR40,snR39,snR40,0.0879270298291444,4
snR39_snR38,snR39,snR38,0.0577359739470038,4
snR39_YOR302W,snR39,YOR302W,0.0782210209629591,4
snR39_YKR057W,snR39,YKR057W,0.0672884110593373,4
snR39_YDL067C,snR39,YDL067C,0.0341771933288497,4
snR39_YLR230W,snR39,YLR230W,0.0216161398966191,4
snR39_YJL136C,snR39,YJL136C,0.0199656462893991,4
snR39_snR72,snR39,snR72,0.0518985507113415,4
snR39_snR55,snR39,snR55,0.074284340484101,4
snR39_YPL252C,snR39,YPL252C,0.016609073958817,4
snR79_YDL232W,snR79,YDL232W,0.139416841741612,4
snR79_snR66,snR79,snR66,0.0385766841502353,4
snR79_YNL244C,snR79,YNL244C,0.0103751129419084,4
snR79_snR6,snR79,snR6,0.0240945523512405,4
snR79_snR10,snR79,snR10,0.0210793484644508,4
YPR182W_YLR185W,YPR182W,YLR185W,0.0112717549011719,4
YPR182W_YPL271W,YPR182W,YPL271W,0.0108872689804068,4
YDL232W_YBR082C,YDL232W,YBR082C,0.0143781657855504,4
YDL232W_YER009W,YDL232W,YER009W,0.0157517803309103,4
YDL232W_YBL001C,YDL232W,YBL001C,0.0125133226751064,4
YDL232W_YNL145W,YDL232W,YNL145W,0.0294683461210179,4
YDL232W_YDL067C,YDL232W,YDL067C,0.0442424048506057,4
YDL232W_snR55,YDL232W,snR55,0.0712384051100184,4
YDL232W_snR39,YDL232W,snR39,0.138209287300002,4
snR18_snR128,snR18,snR128,0.0449931013201694,4
YLR402W_YDR193W,YLR402W,YDR193W,0.0100105455719709,4
YLR402W_YPL271W,YLR402W,YPL271W,0.010197048738468,4
YDL061C_snR75,YDL061C,snR75,0.0198074224064215,4
YDL061C_snR13,YDL061C,snR13,0.0133279563150542,4
YML129C_YDR276C,YML129C,YDR276C,0.0339268407238651,4
YML129C_YGR105W,YML129C,YGR105W,0.0162337279602075,4
YDR276C_snR75,YDR276C,snR75,0.0138095178607639,4
snR128_snR69,snR128,snR69,0.0145753697196562,4
snR128_snR40,snR128,snR40,0.028779640385867,4
snR40_snR128,snR40,snR128,0.0281988417797353,4
YOR302W_snR13,YOR302W,snR13,0.0155447217415155,4
YOR302W_YIL052C,YOR302W,YIL052C,0.0106591082115332,4
snR39_YPL142C,snR39,YPL142C,0.017556293409639,4
snR39_YDL232W,snR39,YDL232W,0.15345308464936,4
snR39_snR71,snR39,snR71,0.0190478943814806,4
snR39_snR58,snR39,snR58,0.0494920039108007,4
snR39_YLR388W,snR39,YLR388W,0.0465995338158411,4
snR39_YNL015W,snR39,YNL015W,0.0158964649777947,4
snR39_snR46,snR39,snR46,0.0142625889484498,4
snR39_YGR183C,snR39,YGR183C,0.0160929953705114,4
snR39_YDR115W,snR39,YDR115W,0.0149996506752166,4
snR39_snR62,snR39,snR62,0.0281376107165125,4
snR39B_snR79,snR39B,snR79,0.103115690505646,4
snR79_snR190,snR79,snR190,0.0201064176857718,4
snR79_YGL041C,snR79,YGL041C,0.0116630226458953,4
snR79_snR39B,snR79,snR39B,0.108968812988753,4
YDL232W_YOR052C,YDL232W,YOR052C,0.0104858966968388,4
YDL232W_YFR003C,YDL232W,YFR003C,0.0116995850767692,4
YLR402W_YPR182W,YLR402W,YPR182W,0.0267864729131813,4
YDL061C_YPR182W,YDL061C,YPR182W,0.0299724410113441,4
snR64_YNL145W,snR64,YNL145W,0.0128539481995027,4
YDL184C_snR77,YDL184C,snR77,0.0919133248295966,4
snR58_snR55,snR58,snR55,0.0200786784215359,4
snR39_YFR003C,snR39,YFR003C,0.0105300637616575,4
snR39_snR69,snR39,snR69,0.0425439096512875,4
snR39_YPL251W,snR39,YPL251W,0.0263276595754523,4
snR39_YLR390W,snR39,YLR390W,0.0126941686740035,4
snR39_YDR510W,snR39,YDR510W,0.0121375776048226,4
snR39_snR78,snR39,snR78,0.0466032422574013,4
snR39_YFR033C,snR39,YFR033C,0.0118919145597567,4
snR79_YPL135W,snR79,YPL135W,0.0121633455011053,4
snR79_snR43,snR79,snR43,0.0147550719385014,4
YDL232W_YPR052C,YDL232W,YPR052C,0.0120249950034137,4
YDL232W_snR66,YDL232W,snR66,0.036096194937443,4
YDL232W_snR67,YDL232W,snR67,0.079757428809371,4
YDL232W_YNL015W,YDL232W,YNL015W,0.0158378923589214,4
YDL232W_YLR230W,YDL232W,YLR230W,0.0209334505737529,4
YDL232W_snR46,YDL232W,snR46,0.0161759932416543,4
snR18_YOR302W,snR18,YOR302W,0.0721583147479671,4
YLR402W_YJL064W,YLR402W,YJL064W,0.0145977257713969,4
YLR402W_YLR204W,YLR402W,YLR204W,0.0121159306758498,4
snR76_snR6,snR76,snR6,0.0115104336298535,4
snR76_snR53,snR76,snR53,0.0198419877530238,4
YML129C_YOR146W,YML129C,YOR146W,0.0110291229546327,4
YOR302W_snR69,YOR302W,snR69,0.0234190122436081,4
snR24_snR85,snR24,snR85,0.0100810017579095,4
snR50_snR8,snR50,snR8,0.0112236068353348,4
snR55_snR60,snR55,snR60,0.0141139530072447,4
snR59_snR40,snR59,snR40,0.0182188894965349,4
snR39_YNL153C,snR39,YNL153C,0.0136406193315715,4
snR39_YIR044C,snR39,YIR044C,0.0160017667192174,4
snR39_YOR282W,snR39,YOR282W,0.012562023026235,4
snR39_snR67,snR39,snR67,0.0658174071227892,4
snR39B_snR66,snR39B,snR66,0.0180370895329233,4
snR79_YDR461W,snR79,YDR461W,0.0398793083424063,4
YPR182W_YOL039W,YPR182W,YOL039W,0.0107999820877728,5
snR18_snR39,snR18,snR39,0.172049412103885,5
YLR402W_YGR063C,YLR402W,YGR063C,0.0169030266348217,5
YLR402W_YPL098C,YLR402W,YPL098C,0.0126655071047437,5
YLR402W_YML129C,YLR402W,YML129C,0.0411650543620488,5
YLR402W_snR161,YLR402W,snR161,0.0107211020383276,5
YLR402W_YPL136W,YLR402W,YPL136W,0.0115478791812493,5
YLR402W_snR128,YLR402W,snR128,0.032872413653714,5
YDL061C_snR62,YDL061C,snR62,0.0102494652469315,5
snR76_snR54,snR76,snR54,0.0195755987043152,5
YML129C_YDL061C,YML129C,YDL061C,0.0385128763544477,5
YML129C_YLR185W,YML129C,YLR185W,0.0151644243784537,5
YDR276C_YLR402W,YDR276C,YLR402W,0.0497569522138966,5
YDR276C_YML129C,YDR276C,YML129C,0.0433366113127105,5
snR40_YDL067C,snR40,YDL067C,0.0121489592005011,5
snR39_snR18,snR39,snR18,0.172256436771327,5
snR39_snR70,snR39,snR70,0.015140303282789,5
snR79_snR64,snR79,snR64,0.0797507690257347,5
YPR182W_YLR402W,YPR182W,YLR402W,0.0480847206085284,5
YPR182W_YPL136W,YPR182W,YPL136W,0.0109591521194412,5
YPR182W_YDR193W,YPR182W,YDR193W,0.0102153823065822,5
YPR182W_YOR146W,YPR182W,YOR146W,0.0135652506758374,5
YPR182W_YJR034W,YPR182W,YJR034W,0.0116865138399791,5
YPR182W_YPL271W,YPR182W,YPL271W,0.0171645645571737,5
YDL232W_snR87,YDL232W,snR87,0.0905859307488944,5
YDL232W_YBL001C,YDL232W,YBL001C,0.0180159571477092,5
YDL232W_YNL145W,YDL232W,YNL145W,0.0673722951377199,5
YDL232W_snR43,YDL232W,snR43,0.0174285471054816,5
YDL232W_snR55,YDL232W,snR55,0.0604045416674476,5
YDL232W_snR39,YDL232W,snR39,0.201085369270482,5
snR18_YIL008W,snR18,YIL008W,0.0103022203600215,5
snR18_snR69,snR18,snR69,0.0728889507894696,5
snR18_YOR167C,snR18,YOR167C,0.0283896948202344,5
YLR402W_YDR193W,YLR402W,YDR193W,0.0110264211606082,5
YLR402W_YGL030W,YLR402W,YGL030W,0.0100022788449673,5
YLR402W_YOR302W,YLR402W,YOR302W,0.0489449818000944,5
YLR402W_YOR146W,YLR402W,YOR146W,0.0150964198793861,5
YLR402W_YJR034W,YLR402W,YJR034W,0.0125655835852768,5
YLR402W_YER058W,YLR402W,YER058W,0.0107528902305931,5
YLR402W_YMR256C,YLR402W,YMR256C,0.0189616734258748,5
YLR402W_YJR085C,YLR402W,YJR085C,0.0176935934400576,5
YLR402W_YPL271W,YLR402W,YPL271W,0.0183498700725971,5
YML129C_YGR105W,YML129C,YGR105W,0.0148973085189636,5
snR128_snR40,snR128,snR40,0.0201421498026824,5
snR128_YLR264W,snR128,YLR264W,0.0103847375743437,5
snR40_YJL205C,snR40,YJL205C,0.0135043864301848,5
snR40_snR128,snR40,snR128,0.0198185946466653,5
snR40_YLR388W,snR40,YLR388W,0.010522966435472,5
snR40_YLR264W,snR40,YLR264W,0.0118427321199523,5
snR40_YKR057W,snR40,YKR057W,0.0151143795152291,5
snR40_snR85,snR40,snR85,0.0131422117933668,5
YOR302W_YPR182W,YOR302W,YPR182W,0.046440460735094,5
YOR302W_YBR252W,YOR302W,YBR252W,0.0123406966303494,5
YOR302W_YLR062C,YOR302W,YLR062C,0.0137003763249898,5
YOR302W_YLR402W,YOR302W,YLR402W,0.0452527828409737,5
YOR302W_YDL061C,YOR302W,YDL061C,0.0467860797970947,5
YOR302W_snR75,YOR302W,snR75,0.0232242435969592,5
YOR302W_snR13,YOR302W,snR13,0.0162104292525101,5
YOR302W_YLR185W,YOR302W,YLR185W,0.0181267597333221,5
YOR302W_YIL052C,YOR302W,YIL052C,0.0107066118968507,5
YOR302W_YGR105W,YOR302W,YGR105W,0.0177372916088763,5
YOR302W_YNL190W,YOR302W,YNL190W,0.0100555121657638,5
snR39_YDL232W,snR39,YDL232W,0.210629688473001,5
snR39B_snR79,snR39B,snR79,0.159208523324648,5
snR79_snR76,snR79,snR76,0.0993158355503312,5
snR79_YBR113W,snR79,YBR113W,0.0124182870473908,5
snR79_snR39B,snR79,snR39B,0.159744331064272,5
snR79_snR4,snR79,snR4,0.0119691759935625,5
YLR402W_YPR182W,YLR402W,YPR182W,0.0485672383207029,5
snR24_YML058W,snR24,YML058W,0.0123906624825137,5
snR24_snR57,snR24,snR57,0.0101652449847441,5
snR24_YLR110C,snR24,YLR110C,0.0140166417246918,5
snR24_YMR002W,snR24,YMR002W,0.0184632468063223,5
snR24_YPL037C,snR24,YPL037C,0.011395822126683,5
snR24_YGR236C,snR24,YGR236C,0.0156110087453457,5
snR24_YDR210W,snR24,YDR210W,0.0184087931692084,5
snR24_YDL181W,snR24,YDL181W,0.0108813459696095,5
snR24_YBR016W,snR24,YBR016W,0.0152529557583043,5
snR24_YDR482C,snR24,YDR482C,0.0109115283707929,5
snR24_snR8,snR24,snR8,0.0170531619669326,5
snR24_YJR114W,snR24,YJR114W,0.0167772543183856,5
snR24_YDR377W,snR24,YDR377W,0.010909862063719,5
snR24_YJR085C,snR24,YJR085C,0.0136729377288181,5
snR24_YJL064W,snR24,YJL064W,0.0135639939533864,5
snR24_YLR204W,snR24,YLR204W,0.0126863513010939,5
snR39_snR69,snR39,snR69,0.0750620858564518,5
snR79_YPL135W,snR79,YPL135W,0.0112906852914238,5
YDL232W_snR73,YDL232W,snR73,0.0336780148121082,5
YDL232W_snR66,YDL232W,snR66,0.0579886597354319,5
YDL232W_YNL244C,YDL232W,YNL244C,0.0148759429380801,5
YDL232W_snR67,YDL232W,snR67,0.107934426134439,5
YDL232W_YNL015W,YDL232W,YNL015W,0.0255667406399089,5
YDL232W_snR46,YDL232W,snR46,0.0264962514027303,5
YDL232W_snR36,YDL232W,snR36,0.0144129045328213,5
YLR402W_YDR134C,YLR402W,YDR134C,0.0101832264872634,5
YLR402W_YDR139C,YLR402W,YDR139C,0.010591681610852,5
YLR402W_YOL039W,YLR402W,YOL039W,0.0118255377456016,5
YLR402W_YJL064W,YLR402W,YJL064W,0.0178560431554332,5
YLR402W_YLR204W,YLR402W,YLR204W,0.0167654704344959,5
YLR402W_YAL044C,YLR402W,YAL044C,0.0101631277037098,5
snR24_YGR063C,snR24,YGR063C,0.0126392267850175,5
snR24_snR128,snR24,snR128,0.0252064480605772,5
snR24_YDR476C,snR24,YDR476C,0.0110981123819407,5
snR24_snR81,snR24,snR81,0.0115834264964267,5
snR24_YOR146W,snR24,YOR146W,0.0110914994813785,5
snR24_YMR256C,snR24,YMR256C,0.0147004642323465,5
snR24_YPL271W,snR24,YPL271W,0.0132772838894294,5
snR79_YDR461W,snR79,YDR461W,0.0457160322482327,5
YDL232W_RNA170,YDL232W,RNA170,0.0296457291347289,5
YDL232W_snR61,YDL232W,snR61,0.014152120354543,5
YDL232W_YIL008W,YDL232W,YIL008W,0.0160707533144564,5
YDL232W_snR18,YDL232W,snR18,0.170980172649272,5
YDL232W_snR56,YDL232W,snR56,0.0155715472532216,5
YDL232W_snR69,YDL232W,snR69,0.0839455947339679,5
YDL232W_YBL073W,YDL232W,YBL073W,0.0124123353704098,5
YDL232W_YML012W,YDL232W,YML012W,0.0165729466705891,5
YDL232W_YOR282W,YDL232W,YOR282W,0.0189092405433019,5
YDL232W_snR38,YDL232W,snR38,0.0250107505435191,5
YDL232W_YGL041C,YDL232W,YGL041C,0.0136176456921386,5
YDL232W_snR6,YDL232W,snR6,0.0382283524785127,5
YDL232W_snR72,YDL232W,snR72,0.0483420260671081,5
YDL232W_snR70,YDL232W,snR70,0.0186292304800039,5
YDL232W_snR78,YDL232W,snR78,0.0451285984912987,5
YDL232W_snR14,YDL232W,snR14,0.0271256013606049,5
snR18_snR61,snR18,snR61,0.0105344255545479,5
snR18_YDL232W,snR18,YDL232W,0.175152757257781,5
snR18_snR56,snR18,snR56,0.0100831881845695,5
snR18_snR87,snR18,snR87,0.0608150639615176,5
snR18_YOR282W,snR18,YOR282W,0.0129680871327017,5
snR18_YLL009C,snR18,YLL009C,0.0174932293712829,5
snR18_snR70,snR18,snR70,0.0142729997788021,5
snR18_snR59,snR18,snR59,0.0376868301747198,5
snR18_snR78,snR18,snR78,0.0300517235848933,5
YLR402W_YDR511W,YLR402W,YDR511W,0.0104861162067136,5
YLR402W_YML058W,YLR402W,YML058W,0.015367223386864,5
YLR402W_YLR110C,YLR402W,YLR110C,0.0177351562844935,5
YLR402W_YOR210W,YLR402W,YOR210W,0.0116395564425094,5
YLR402W_snR71,YLR402W,snR71,0.0202293880718997,5
YLR402W_YMR002W,YLR402W,YMR002W,0.0236540673205855,5
YLR402W_YDR476C,YLR402W,YDR476C,0.0140274235544911,5
YLR402W_YDL012C,YLR402W,YDL012C,0.0122412335313687,5
YLR402W_YPL037C,YLR402W,YPL037C,0.0143633483051157,5
YLR402W_YGR236C,YLR402W,YGR236C,0.0196323495466805,5
YLR402W_snR24,YLR402W,snR24,0.0446400254712893,5
YLR402W_YFR049W,YLR402W,YFR049W,0.0119691687002573,5
YLR402W_YGL106W,YLR402W,YGL106W,0.0128132926194132,5
YLR402W_YBR016W,YLR402W,YBR016W,0.0194631105623284,5
YLR402W_YDR482C,YLR402W,YDR482C,0.0138161899727483,5
YLR402W_YMR174C,YLR402W,YMR174C,0.0118906089241576,5
YLR402W_YJR114W,YLR402W,YJR114W,0.0213365596737357,5
YLR402W_YNR042W,YLR402W,YNR042W,0.0120073050126268,5
YLR402W_YDL032W,YLR402W,YDL032W,0.0113232401306251,5
YLR402W_YJR020W,YLR402W,YJR020W,0.0128153989674122,5
snR76_snR39B,snR76,snR39B,0.0747827833529662,5
YML129C_YPR182W,YML129C,YPR182W,0.0411403787344733,5
YML129C_snR75,YML129C,snR75,0.0215004397392669,5
YML129C_YOR302W,YML129C,YOR302W,0.0561008579121491,5
YML129C_snR13,YML129C,snR13,0.0136655479591643,5
YDR276C_YPR182W,YDR276C,YPR182W,0.0437378944362874,5
snR128_YJL064W,snR128,YJL064W,0.010822931993823,5
snR128_YLR204W,snR128,YLR204W,0.0101850678230003,5
snR128_YPL271W,snR128,YPL271W,0.0110915570794493,5
snR40_snR50,snR40,snR50,0.0135891620788801,5
snR40_snR59,snR40,snR59,0.0142014471053434,5
YOR302W_snR77,YOR302W,snR77,0.0818148302475647,5
YOR302W_YML129C,YOR302W,YML129C,0.0521263140752945,5
snR24_snR71,snR24,snR71,0.0159756865550836,5
snR39B_snR76,snR39B,snR76,0.0754714593346174,5
snR79_snR54,snR79,snR54,0.0427780329575624,5
snR79_snR60,snR79,snR60,0.0193859952224826,5
snR18_snR39,snR18,snR39,0.206599166562072,6
YLR402W_YGR063C,YLR402W,YGR063C,0.0134599119618231,6
YLR402W_YDR276C,YLR402W,YDR276C,0.034074599043876,6
YLR402W_snR128,YLR402W,snR128,0.0366560953511731,6
YOR302W_snR128,YOR302W,snR128,0.0416527604565348,6
snR39_YIL008W,snR39,YIL008W,0.0125285536704189,6
snR39_snR18,snR39,snR18,0.206356522206158,6
snR39_snR87,snR39,snR87,0.0832095258318601,6
snR39_YNL145W,snR39,YNL145W,0.0397371824725087,6
snR39_snR38,snR39,snR38,0.0251293129515171,6
snR39_snR72,snR39,snR72,0.0344975832032536,6
snR39_snR70,snR39,snR70,0.011712338714517,6
YPR182W_YLR402W,YPR182W,YLR402W,0.0385062195386234,6
YPR182W_YMR256C,YPR182W,YMR256C,0.0140824043600605,6
YPR182W_YDR482C,YPR182W,YDR482C,0.0109553658362937,6
YDL232W_snR87,YDL232W,snR87,0.087906925031628,6
YDL232W_YNL145W,YDL232W,YNL145W,0.0390726220124311,6
YDL232W_snR39,YDL232W,snR39,0.200156495081639,6
snR18_snR189,snR18,snR189,0.0190152075062606,6
snR18_YIL008W,snR18,YIL008W,0.0120998136749487,6
snR18_snR69,snR18,snR69,0.0811478715650294,6
snR18_YBL073W,snR18,YBL073W,0.0125038445903339,6
snR18_YIR044C,snR18,YIR044C,0.0156502720078006,6
snR18_YNL015W,snR18,YNL015W,0.0221805987904165,6
YLR402W_YOR302W,YLR402W,YOR302W,0.0597665270787718,6
YLR402W_YMR256C,YLR402W,YMR256C,0.0199654805221785,6
YLR402W_YJR085C,YLR402W,YJR085C,0.0173319306016629,6
YLR402W_YPL271W,YLR402W,YPL271W,0.0163773542197409,6
snR40_YJL205C,snR40,YJL205C,0.0162877547521919,6
snR40_YKR057W,snR40,YKR057W,0.0162467199960852,6
snR40_snR85,snR40,snR85,0.0168440536773192,6
YOR302W_YPR182W,YOR302W,YPR182W,0.0438215685281605,6
YOR302W_YGR063C,YOR302W,YGR063C,0.014889737694708,6
YOR302W_YLR402W,YOR302W,YLR402W,0.0575609766723421,6
YOR302W_YDR276C,YOR302W,YDR276C,0.0371996196451514,6
YOR302W_YMR256C,YOR302W,YMR256C,0.0215475685959889,6
YOR302W_YNR042W,YOR302W,YNR042W,0.0129604890088501,6
YOR302W_YJR085C,YOR302W,YJR085C,0.0190407994474749,6
YOR302W_YPL271W,YOR302W,YPL271W,0.0182839665699424,6
snR39_YDL232W,snR39,YDL232W,0.201356007988435,6
snR39_YNL015W,snR39,YNL015W,0.0211900251140159,6
snR39B_snR79,snR39B,snR79,0.0919391979265665,6
snR79_YOL109W,snR79,YOL109W,0.0109309654517181,6
snR79_YOR210W,snR79,YOR210W,0.0153359222596831,6
snR79_YDR210W,snR79,YDR210W,0.0360525410348117,6
snR79_YMR174C,snR79,YMR174C,0.0192702574265216,6
snR79_snR39B,snR79,snR39B,0.0913431129176414,6
snR79_YIL087C,snR79,YIL087C,0.0149795069347259,6
YLR402W_YPR182W,YLR402W,YPR182W,0.0387224446109973,6
snR39_snR69,snR39,snR69,0.0813895569614457,6
snR39_snR78,snR39,snR78,0.039016538795019,6
YDL232W_snR74,YDL232W,snR74,0.0271234886350127,6
YDL232W_YNL015W,YDL232W,YNL015W,0.0211584117427657,6
snR39_snR189,snR39,snR189,0.0188676750779103,6
snR39_YIR044C,snR39,YIR044C,0.0145801442868895,6
snR79_YDR461W,snR79,YDR461W,0.0321480988842879,6
YDL232W_YIL008W,YDL232W,YIL008W,0.013164071495201,6
YDL232W_snR18,YDL232W,snR18,0.197701933450775,6
YDL232W_snR69,YDL232W,snR69,0.0818217533486746,6
YDL232W_YBL073W,YDL232W,YBL073W,0.0123157592291436,6
YDL232W_snR38,YDL232W,snR38,0.0265421447140571,6
YDL232W_snR6,YDL232W,snR6,0.0168647156540677,6
YDL232W_snR72,YDL232W,snR72,0.0326859415244401,6
YDL232W_snR70,YDL232W,snR70,0.0126522830489038,6
YDL232W_snR78,YDL232W,snR78,0.0366978862449934,6
snR18_YDL232W,snR18,YDL232W,0.198742442901678,6
snR18_snR56,snR18,snR56,0.0110226518626875,6
snR18_YLL009C,snR18,YLL009C,0.0178112080387802,6
snR18_snR59,snR18,snR59,0.0655033166741889,6
snR18_snR78,snR18,snR78,0.0420103946224826,6
YLR402W_YDR511W,YLR402W,YDR511W,0.0100157336113256,6
YLR402W_YML058W,YLR402W,YML058W,0.0142444652638966,6
YLR402W_YLR110C,YLR402W,YLR110C,0.0157892985963407,6
YLR402W_YMR002W,YLR402W,YMR002W,0.021180531191271,6
YLR402W_YPL037C,YLR402W,YPL037C,0.0136330285231731,6
YLR402W_YGR236C,YLR402W,YGR236C,0.0180961313823357,6
YLR402W_YBR016W,YLR402W,YBR016W,0.0171862107718352,6
YLR402W_YJR114W,YLR402W,YJR114W,0.0190522648332213,6
YLR402W_YNR042W,YLR402W,YNR042W,0.0116531499997541,6
YLR402W_snR39B,YLR402W,snR39B,0.0617073186634608,6
YLR402W_YDL032W,YLR402W,YDL032W,0.0100474165916618,6
snR40_YDL061C,snR40,YDL061C,0.017177148198823,6
snR24_snR71,snR24,snR71,0.037601006308083,6
YPR182W_YJL064W,YPR182W,YJL064W,0.0118017608183139,6
YDL232W_snR189,YDL232W,snR189,0.0189987101712343,6
YDL232W_YIR044C,YDL232W,YIR044C,0.013982896426236,6
YDL232W_YLL009C,YDL232W,YLL009C,0.0174263939828639,6
YDL232W_snR59,YDL232W,snR59,0.0682258548877026,6
snR18_YNL145W,snR18,YNL145W,0.0409142598628539,6
snR18_snR74,snR18,snR74,0.0296242514445642,6
snR18_snR38,snR18,snR38,0.0242719084601984,6
snR18_snR6,snR18,snR6,0.0193185086623931,6
snR18_snR72,snR18,snR72,0.0367624016998533,6
snR18_snR65,snR18,snR65,0.0530865541533385,6
YLR402W_YLR315W,YLR402W,YLR315W,0.010681613279081,6
YLR402W_YLR327C,YLR402W,YLR327C,0.0141950830978493,6
YLR402W_YDR461W,YLR402W,YDR461W,0.02154942729679,6
YLR402W_YER153C,YLR402W,YER153C,0.010077320037045,6
YLR402W_YDR210W,YLR402W,YDR210W,0.0241048834810569,6
YLR402W_YDR377W,YLR402W,YDR377W,0.0143592536943668,6
YLR402W_snR79,YLR402W,snR79,0.0756236490363371,6
YLR402W_YIL087C,YLR402W,YIL087C,0.0101953187979869,6
snR76_snR71,snR76,snR71,0.0301477036572618,6
snR76_snR24,snR76,snR24,0.0474371007139132,6
snR76_snR51,snR76,snR51,0.0155360098236845,6
snR87_snR69,snR87,snR69,0.033165880906711,6
snR64_snR40,snR64,snR40,0.020301654776656,6
snR64_snR85,snR64,snR85,0.0124813419677646,6
snR128_snR8,snR128,snR8,0.0170265820405499,6
snR40_YML129C,snR40,YML129C,0.0195865531679062,6
YOR302W_YLR315W,YOR302W,YLR315W,0.0118230305957092,6
YOR302W_YDR511W,YOR302W,YDR511W,0.0111316506669275,6
YOR302W_YML058W,YOR302W,YML058W,0.015391636079315,6
YOR302W_YLR327C,YOR302W,YLR327C,0.0158214959098018,6
YOR302W_YHR193C,YOR302W,YHR193C,0.0101881941193999,6
YOR302W_YMR002W,YOR302W,YMR002W,0.0235233666772912,6
YOR302W_YDL012C,YOR302W,YDL012C,0.0123188495967893,6
YOR302W_YPL037C,YOR302W,YPL037C,0.014932380040492,6
YOR302W_YGR236C,YOR302W,YGR236C,0.0195778445401436,6
YOR302W_YER153C,YOR302W,YER153C,0.0112552031379494,6
YOR302W_YDR210W,YOR302W,YDR210W,0.0258963122444409,6
YOR302W_YFR049W,YOR302W,YFR049W,0.0144080314173258,6
YOR302W_YOL039W,YOR302W,YOL039W,0.0108348752449259,6
YOR302W_YDL181W,YOR302W,YDL181W,0.0160596560122587,6
YOR302W_YIR016W,YOR302W,YIR016W,0.0104730217537975,6
YOR302W_YBR016W,YOR302W,YBR016W,0.0189927202915777,6
YOR302W_YLR437C,YOR302W,YLR437C,0.0138808974067649,6
YOR302W_YDR482C,YOR302W,YDR482C,0.0158358464197712,6
YOR302W_YJR114W,YOR302W,YJR114W,0.0208719709421857,6
YOR302W_YDR377W,YOR302W,YDR377W,0.0154501181662482,6
YOR302W_snR39B,YOR302W,snR39B,0.0658109114151865,6
YOR302W_YDL032W,YOR302W,YDL032W,0.0112355162366466,6
YOR302W_YJL064W,YOR302W,YJL064W,0.0170318292035841,6
YOR302W_snR79,YOR302W,snR79,0.0818699362092806,6
YOR302W_YLR204W,YOR302W,YLR204W,0.0170350242635289,6
YOR302W_YIL087C,YOR302W,YIL087C,0.0111625118890037,6
snR24_snR76,snR24,snR76,0.0476276375464348,6
snR50_snR64,snR50,snR64,0.0125165378350612,6
snR39_snR56,snR39,snR56,0.0104080436971874,6
snR39_YBL073W,snR39,YBL073W,0.012159191496984,6
snR39_snR74,snR39,snR74,0.0282468760734331,6
snR39_YLL009C,snR39,YLL009C,0.0173651768684655,6
snR39_snR6,snR39,snR6,0.0177910036553136,6
snR39_snR65,snR39,snR65,0.0471625168343987,6
snR79_YPR182W,snR79,YPR182W,0.0553147751990268,6
snR79_YLR315W,snR79,YLR315W,0.0155825670444572,6
snR79_YDR511W,snR79,YDR511W,0.0145780776242458,6
snR79_YCL035C,snR79,YCL035C,0.0127942215751373,6
snR79_YML058W,snR79,YML058W,0.0212902243992104,6
snR79_YGR063C,snR79,YGR063C,0.01950427517712,6
snR79_YLR402W,snR79,YLR402W,0.0770967567805306,6
snR79_YLR295C,snR79,YLR295C,0.0116038980043453,6
snR79_YLR110C,snR79,YLR110C,0.0236536477719732,6
snR79_YLR327C,snR79,YLR327C,0.0206370578016201,6
snR79_YDR276C,snR79,YDR276C,0.0501843578021839,6
snR79_YHR193C,snR79,YHR193C,0.0138950435993655,6
snR79_YMR002W,snR79,YMR002W,0.0304564920320611,6
snR79_snR128,snR79,snR128,0.0525738177453802,6
snR79_YDR193W,snR79,YDR193W,0.0123172279555243,6
snR79_YDR476C,snR79,YDR476C,0.0174416907554096,6
snR79_YFL067W,snR79,YFL067W,0.0102705637894202,6
snR79_YDL012C,snR79,YDL012C,0.0158571938187608,6
snR79_YPL037C,snR79,YPL037C,0.0201436526789022,6
snR79_YKL156W,snR79,YKL156W,0.0178408925064265,6
snR79_YMR107W,snR79,YMR107W,0.0103043989471135,6
snR79_YGR236C,snR79,YGR236C,0.0270056322875319,6
snR79_YDR134C,snR79,YDR134C,0.0121806270225532,6
snR79_YKR046C,snR79,YKR046C,0.0128250474852324,6
snR79_YER153C,snR79,YER153C,0.014399977306229,6
snR79_YOR302W,snR79,YOR302W,0.0866600605487457,6
snR79_YDR408C,snR79,YDR408C,0.0115655728985648,6
snR79_YOR146W,snR79,YOR146W,0.0143669600102573,6
snR79_YFR049W,snR79,YFR049W,0.0186878404397369,6
snR79_YDR077W,snR79,YDR077W,0.0108139378755979,6
snR79_YHR189W,snR79,YHR189W,0.0100740764929006,6
snR79_YOL039W,snR79,YOL039W,0.0141171881395156,6
snR79_YDL181W,snR79,YDL181W,0.0213747515889497,6
snR79_YGR209C,snR79,YGR209C,0.01245872310121,6
snR79_YER058W,snR79,YER058W,0.0127538451959625,6
snR79_YIR016W,snR79,YIR016W,0.0140630319907407,6
snR79_YNL055C,snR79,YNL055C,0.0106118644463756,6
snR79_YBR016W,snR79,YBR016W,0.0249816053741808,6
snR79_YCR063W,snR79,YCR063W,0.0106797597906143,6
snR79_YIR009W,snR79,YIR009W,0.0128896853548199,6
snR79_YLR437C,snR79,YLR437C,0.0175806454501329,6
snR79_YAR020C,snR79,YAR020C,0.0171348873046289,6
snR79_YBL021C,snR79,YBL021C,0.0152327387361601,6
snR79_YMR256C,snR79,YMR256C,0.0292935273731646,6
snR79_YDR482C,snR79,YDR482C,0.0200344741522383,6
snR79_YOR122C,snR79,YOR122C,0.0119389602000628,6
snR79_YGR027C,snR79,YGR027C,0.0120414833940249,6
snR79_YER121W,snR79,YER121W,0.0102334277366174,6
snR79_YJR114W,snR79,YJR114W,0.0279234512797546,6
snR79_YBL006C,snR79,YBL006C,0.0108216801654196,6
snR79_YDR377W,snR79,YDR377W,0.021411967208165,6
snR79_YDR073W,snR79,YDR073W,0.0107850396715692,6
snR79_YNR042W,snR79,YNR042W,0.0168952182667528,6
snR79_YPL234C,snR79,YPL234C,0.010437207307378,6
snR79_YIR022W,snR79,YIR022W,0.0105968620976712,6
snR79_YJR085C,snR79,YJR085C,0.0255394985931132,6
snR79_YDL032W,snR79,YDL032W,0.0143462622185032,6
snR79_YJL064W,snR79,YJL064W,0.0216541238928943,6
snR79_YOL012C,snR79,YOL012C,0.0114700808726219,6
snR79_YLR204W,snR79,YLR204W,0.0219457096065898,6
snR79_YPL271W,snR79,YPL271W,0.0237059892736994,6
snR18_snR39,snR18,snR39,0.182845728091289,7
YLR402W_YGR063C,YLR402W,YGR063C,0.0157247179284897,7
YLR402W_YDR276C,YLR402W,YDR276C,0.0393906583442839,7
YLR402W_snR128,YLR402W,snR128,0.0513489936786739,7
YDR276C_snR77,YDR276C,snR77,0.0232508233951903,7
snR128_YOR302W,snR128,YOR302W,0.0701275762770194,7
YOR302W_snR128,YOR302W,snR128,0.0708803014863173,7
snR39_snR18,snR39,snR18,0.185452329073319,7
YPR182W_YML129C,YPR182W,YML129C,0.0163287644254083,7
YPR182W_YDR482C,YPR182W,YDR482C,0.0110651844614024,7
YPR182W_YLR204W,YPR182W,YLR204W,0.0114039503480698,7
YPR182W_YPL271W,YPR182W,YPL271W,0.0126762436508196,7
YDL232W_snR87,YDL232W,snR87,0.0744374054354003,7
YDL232W_YNL145W,YDL232W,YNL145W,0.0548290451269491,7
YDL232W_snR39,YDL232W,snR39,0.210271642963166,7
snR18_YIR044C,snR18,YIR044C,0.0120913999948378,7
YLR402W_YOR302W,YLR402W,YOR302W,0.0902347211850379,7
YLR402W_YER058W,YLR402W,YER058W,0.0103167200930371,7
YLR402W_YMR256C,YLR402W,YMR256C,0.024404551851982,7
YLR402W_YJR085C,YLR402W,YJR085C,0.0214968069458935,7
snR64_snR55,snR64,snR55,0.0116292179374209,7
snR40_YJL205C,snR40,YJL205C,0.0139819458693279,7
snR40_YLR264W,snR40,YLR264W,0.0114956156595855,7
snR40_snR81,snR40,snR81,0.0131015627418112,7
snR40_YKR057W,snR40,YKR057W,0.0131801860407976,7
snR40_snR85,snR40,snR85,0.0147325814404286,7
YOR302W_YLR402W,YOR302W,YLR402W,0.0896657244288589,7
YOR302W_YMR256C,YOR302W,YMR256C,0.0367902466146137,7
snR39_YDL232W,snR39,YDL232W,0.217614469654282,7
snR39B_snR64,snR39B,snR64,0.024457464652927,7
snR79_snR39B,snR79,snR39B,0.0501795785695324,7
snR79_YIL087C,snR79,YIL087C,0.0143366648374144,7
snR59_YDL232W,snR59,YDL232W,0.130458793281969,7
snR39_snR78,snR39,snR78,0.0455609363238263,7
YDL232W_snR74,YDL232W,snR74,0.0306461258404111,7
YDL232W_YNL015W,YDL232W,YNL015W,0.0334974096608712,7
snR59_snR69,snR59,snR69,0.0423101389506785,7
snR79_YDR461W,snR79,YDR461W,0.0332694908272418,7
YDL232W_YIL008W,YDL232W,YIL008W,0.0140921158200834,7
YDL232W_snR18,YDL232W,snR18,0.257393808084089,7
YDL232W_snR69,YDL232W,snR69,0.0938109761384995,7
YDL232W_YBL073W,YDL232W,YBL073W,0.0135041753735212,7
YDL232W_snR38,YDL232W,snR38,0.0424922740124241,7
YDL232W_snR72,YDL232W,snR72,0.0341850513128916,7
YDL232W_snR78,YDL232W,snR78,0.0626436218620941,7
snR18_YDL232W,snR18,YDL232W,0.262718758182356,7
YLR402W_YLR110C,YLR402W,YLR110C,0.0156467431820639,7
YLR402W_YHR193C,YLR402W,YHR193C,0.0101132171708356,7
YLR402W_YMR002W,YLR402W,YMR002W,0.023572531983412,7
YLR402W_YJR114W,YLR402W,YJR114W,0.0204615224796734,7
YLR402W_YNR042W,YLR402W,YNR042W,0.0134942274979606,7
snR128_YPR182W,snR128,YPR182W,0.0331790751020796,7
snR128_YLR402W,snR128,YLR402W,0.0507157857509702,7
snR128_YPL271W,snR128,YPL271W,0.0155005149095303,7
snR24_snR71,snR24,snR71,0.0466404028330644,7
YPR182W_YML058W,YPR182W,YML058W,0.0101799405474915,7
YPR182W_YLR327C,YPR182W,YLR327C,0.0107343000744421,7
YPR182W_YDL181W,YPR182W,YDL181W,0.0111979914925663,7
YPR182W_YJL064W,YPR182W,YJL064W,0.0113054684489777,7
YDL232W_snR189,YDL232W,snR189,0.0181827225501267,7
YDL232W_YIR044C,YDL232W,YIR044C,0.0134707890781855,7
YDL232W_YLL009C,YDL232W,YLL009C,0.0243024633992398,7
YDL232W_snR59,YDL232W,snR59,0.128466863790974,7
snR18_YNL145W,snR18,YNL145W,0.0484590636115264,7
YLR402W_YDR461W,YLR402W,YDR461W,0.0280379664577975,7
YLR402W_YDR210W,YLR402W,YDR210W,0.0257132278559145,7
YLR402W_YDR377W,YLR402W,YDR377W,0.0149707987206005,7
YLR402W_snR79,YLR402W,snR79,0.0722035786863703,7
YLR402W_YIL087C,YLR402W,YIL087C,0.0120838240717817,7
snR76_snR24,snR76,snR24,0.048650899793253,7
snR69_snR38,snR69,snR38,0.0139987620293431,7
snR69_snR59,snR69,snR59,0.0432579041323925,7
YDR276C_YML058W,YDR276C,YML058W,0.0106134790619095,7
YDR276C_YGR236C,YDR276C,YGR236C,0.0128442157351217,7
snR64_YDL061C,snR64,YDL061C,0.0116310843902632,7
snR64_YML129C,snR64,YML129C,0.0135940129773352,7
snR64_snR40,snR64,snR40,0.0201265309472608,7
snR64_YKR057W,snR64,YKR057W,0.0111700874286054,7
snR64_snR85,snR64,snR85,0.0127201402174628,7
snR128_YML058W,snR128,YML058W,0.0131062822274919,7
snR128_YGR063C,snR128,YGR063C,0.0127635542054767,7
snR128_YLR110C,snR128,YLR110C,0.0128742407168085,7
snR128_YDR276C,snR128,YDR276C,0.0325890166281061,7
snR128_YMR002W,snR128,YMR002W,0.0190505820639256,7
snR128_YDL012C,snR128,YDL012C,0.0103663512355488,7
snR128_YPL037C,snR128,YPL037C,0.0121114192189485,7
snR128_YGR236C,snR128,YGR236C,0.0159514742130459,7
snR128_YDR210W,snR128,YDR210W,0.0210658181995817,7
snR128_YFR049W,snR128,YFR049W,0.0119502003225775,7
snR128_YDL181W,snR128,YDL181W,0.0137129107754896,7
snR128_YBR016W,snR128,YBR016W,0.0152826930637663,7
snR128_YJR114W,snR128,YJR114W,0.0167802873797459,7
snR128_YDR377W,snR128,YDR377W,0.0122313525782023,7
snR128_YNR042W,snR128,YNR042W,0.0110698282605874,7
snR128_YJR085C,snR128,YJR085C,0.0176557346909458,7
snR40_YML129C,snR40,YML129C,0.0173951559502421,7
YOR302W_snR79,YOR302W,snR79,0.10420324616748,7
snR59_snR38,snR59,snR38,0.0191384787263156,7
snR79_YPR182W,snR79,YPR182W,0.0490173262674626,7
snR79_YGR063C,snR79,YGR063C,0.018923556023802,7
snR79_YLR402W,snR79,YLR402W,0.0743982868758003,7
snR79_YMR002W,snR79,YMR002W,0.029537005079046,7
snR79_snR128,snR79,snR128,0.0604585928816687,7
snR79_YER153C,snR79,YER153C,0.0146298872087267,7
snR79_YOR302W,snR79,YOR302W,0.108379812529243,7
snR79_YDR408C,snR79,YDR408C,0.01253594389437,7
snR79_YOR146W,snR79,YOR146W,0.0137481194051311,7
snR79_YER058W,snR79,YER058W,0.0125495830931518,7
snR79_YIR016W,snR79,YIR016W,0.0123976339383022,7
snR79_YBR016W,snR79,YBR016W,0.0225386937319096,7
snR79_YMR256C,snR79,YMR256C,0.0297531495554287,7
snR79_YJR114W,snR79,YJR114W,0.0244552106216551,7
snR79_YDR377W,snR79,YDR377W,0.0174382115639313,7
YPR182W_snR64,YPR182W,snR64,0.0188795769917686,7
YPR182W_snR40,YPR182W,snR40,0.0243309740914943,7
YPR182W_snR8,YPR182W,snR8,0.016077037190221,7
snR77_snR76,snR77,snR76,0.0184144454968084,7
YDL232W_snR50,YDL232W,snR50,0.0734935052239929,7
YML129C_snR85,YML129C,snR85,0.0100313218463176,7
snR64_YDL067C,snR64,YDL067C,0.0127217019123934,7
snR128_YDR461W,snR128,YDR461W,0.0217619711092179,7
snR128_YMR256C,snR128,YMR256C,0.0190108231411217,7
snR40_snR64,snR40,snR64,0.0201795696173277,7
YOR302W_YDR461W,YOR302W,YDR461W,0.0423904520821296,7
YDL067C_snR58,YDL067C,snR58,0.0142977708463027,7
snR39B_YJL205C,snR39B,YJL205C,0.0177809043585974,7
snR39B_YML129C,snR39B,YML129C,0.0211300517775765,7
snR39B_snR40,snR39B,snR40,0.0325562851702529,7
snR39B_YML009C,snR39B,YML009C,0.0106194225004973,7
snR39B_snR81,snR39B,snR81,0.0160504424304088,7
snR39B_YKR057W,snR39B,YKR057W,0.0163633934847785,7
snR39B_YJR020W,snR39B,YJR020W,0.0106480203979807,7
snR79_snR62,snR79,snR62,0.0105066254079832,7
