Reg,Weight,Module,Regulator,TargetGene
YKL106C-A_YDL232W,0.141283051159455,G1,YKL106C-A,YDL232W
YKL106C-A_snR18,0.122028899583423,G1,YKL106C-A,snR18
YKL106C-A_snR39,0.101111729493351,G1,YKL106C-A,snR39
YEL032C-A_YDL232W,0.164022785053267,G1,YEL032C-A,YDL232W
YDL232W_YKL106C-A,0.141621346171564,G1,YDL232W,YKL106C-A
YDL232W_YEL032C-A,0.159462577503344,G1,YDL232W,YEL032C-A
YDL232W_snR18,0.234040258907519,G1,YDL232W,snR18
YDL232W_tV(AAC)O,0.10270864314387,G1,YDL232W,tV(AAC)O
YDL232W_YMR272W-A,0.1060806019014,G1,YDL232W,YMR272W-A
YDL232W_snR59,0.119740961729597,G1,YDL232W,snR59
YDL232W_snR39,0.187984294151493,G1,YDL232W,snR39
snR18_YKL106C-A,0.122855159412061,G1,snR18,YKL106C-A
snR18_tP(UGG)Q,-0.100166197183948,G1,snR18,tP(UGG)Q
snR18_YDL232W,0.235127297933512,G1,snR18,YDL232W
snR18_tV(AAC)O,0.105693437472087,G1,snR18,tV(AAC)O
snR18_snR59,0.103380135104733,G1,snR18,snR59
snR18_snR39,0.172903090230413,G1,snR18,snR39
tV(AAC)O_snR18,0.108227698890815,G1,tV(AAC)O,snR18
YDL184C_YJR151W-A,0.232693757380529,G1,YDL184C,YJR151W-A
snR75_YJR151W-A,0.187397928740677,G1,snR75,YJR151W-A
snR67_YJR151W-A,0.409682557948825,G1,snR67,YJR151W-A
YOR302W_snR79,0.107200826813505,G1,YOR302W,snR79
YJR151W-A_YBL071C-B,0.114267049154203,G1,YJR151W-A,YBL071C-B
YJR151W-A_snR76,0.153165179535741,G1,YJR151W-A,snR76
YJR151W-A_YPR160W-A,0.119358244344704,G1,YJR151W-A,YPR160W-A
YJR151W-A_snR71,0.107503346151603,G1,YJR151W-A,snR71
YJR151W-A_snR66,0.136807561014165,G1,YJR151W-A,snR66
YJR151W-A_YDL184C,0.237668734414124,G1,YJR151W-A,YDL184C
YJR151W-A_snR58,0.129999063113017,G1,YJR151W-A,snR58
YJR151W-A_snR75,0.192906753648939,G1,YJR151W-A,snR75
YJR151W-A_snR67,0.407141524408387,G1,YJR151W-A,snR67
YJR151W-A_YOR302W,-0.177923600459504,G1,YJR151W-A,YOR302W
YJR151W-A_snR24,0.159431988782704,G1,YJR151W-A,snR24
YJR151W-A_YBR141W-A,-0.159007567961252,G1,YJR151W-A,YBR141W-A
YJR151W-A_YLR162W-A,0.106834556133666,G1,YJR151W-A,YLR162W-A
YJR151W-A_YER053C-A,0.186396670163221,G1,YJR151W-A,YER053C-A
YJR151W-A_YLR163W-A,0.162202227037196,G1,YJR151W-A,YLR163W-A
YJR151W-A_YKL100W-A,0.162913286494596,G1,YJR151W-A,YKL100W-A
YJR151W-A_YHL015W-A,0.157669770227094,G1,YJR151W-A,YHL015W-A
YJR151W-A_YLR154W-F,0.322085776129347,G1,YJR151W-A,YLR154W-F
YER053C-A_YJR151W-A,0.177536241938586,G1,YER053C-A,YJR151W-A
snR59_YDL232W,0.12073097770644,G1,snR59,YDL232W
snR59_snR18,0.104111463062831,G1,snR59,snR18
snR39_YKL106C-A,0.102244833770055,G1,snR39,YKL106C-A
snR39_YDL232W,0.190801940835483,G1,snR39,YDL232W
snR39_snR18,0.174537893833104,G1,snR39,snR18
snR79_YOR302W,0.111153568923544,G1,snR79,YOR302W
YLR154W-F_YJR151W-A,0.318753133632642,G1,YLR154W-F,YJR151W-A
YBL071C-B_YJL136W-A,-0.154520819121724,L1,YBL071C-B,YJL136W-A
YBL071C-B_YDL133C-A,0.16193739115221,L1,YBL071C-B,YDL133C-A
YBL071C-B_YMR272W-A,-0.136467579193991,L1,YBL071C-B,YMR272W-A
YBL071C-B_YLR154W-F,0.294262923704364,L1,YBL071C-B,YLR154W-F
snR77_YDL133C-A,0.121906421355676,L1,snR77,YDL133C-A
YDL232W_YJL136W-A,0.122954267015028,L1,YDL232W,YJL136W-A
YDL232W_tE(UUC)Q,0.105319250384769,L1,YDL232W,tE(UUC)Q
YDL232W_YDL133C-A,-0.120304895947931,L1,YDL232W,YDL133C-A
YDL232W_YMR272W-A,0.123844992776492,L1,YDL232W,YMR272W-A
YDL232W_snR75,0.104395238635187,L1,YDL232W,snR75
YDL232W_YER053C-A,0.130370455489896,L1,YDL232W,YER053C-A
YDL232W_YHL015W-A,0.124589048132342,L1,YDL232W,YHL015W-A
YJL136W-A_YBL071C-B,-0.137861196679033,L1,YJL136W-A,YBL071C-B
YJL136W-A_YMR272W-A,0.13812673968486,L1,YJL136W-A,YMR272W-A
YJL136W-A_YLR154W-F,-0.136880857702975,L1,YJL136W-A,YLR154W-F
YKL156C-A_YLR154W-F,0.15902620465636,L1,YKL156C-A,YLR154W-F
YDL133C-A_YBL071C-B,0.180967651658822,L1,YDL133C-A,YBL071C-B
YDL133C-A_snR77,0.129671287503035,L1,YDL133C-A,snR77
YDL133C-A_YDL232W,-0.11369962473378,L1,YDL133C-A,YDL232W
YDL133C-A_YJL136W-A,-0.131335491904422,L1,YDL133C-A,YJL136W-A
YDL133C-A_YLR154W-F,0.166653689053809,L1,YDL133C-A,YLR154W-F
YMR272W-A_YBL071C-B,-0.119626718084344,L1,YMR272W-A,YBL071C-B
YMR272W-A_YJL136W-A,0.134484352646936,L1,YMR272W-A,YJL136W-A
YMR272W-A_snR79,0.169406004415338,L1,YMR272W-A,snR79
snR75_YDL232W,0.101966769622019,L1,snR75,YDL232W
snR67_snR79,0.180677647665074,L1,snR67,snR79
YBR141W-A_snR79,0.155807392483667,L1,YBR141W-A,snR79
YER053C-A_YDL232W,0.13718423245079,L1,YER053C-A,YDL232W
snR39_snR79,0.181016008028876,L1,snR39,snR79
YHL015W-A_YDL232W,0.120413238912633,L1,YHL015W-A,YDL232W
YHL015W-A_YMR272W-A,0.104712761662002,L1,YHL015W-A,YMR272W-A
snR79_YKL106C-A,0.103512522861482,L1,snR79,YKL106C-A
snR79_snR77,0.103598991638836,L1,snR79,snR77
snR79_YEL008C-A,0.108519331183683,L1,snR79,YEL008C-A
snR79_YMR272W-A,0.139915855646134,L1,snR79,YMR272W-A
snR79_snR67,0.183751190976375,L1,snR79,snR67
snR79_snR24,0.101948307547724,L1,snR79,snR24
snR79_YBR141W-A,0.166304241428007,L1,snR79,YBR141W-A
snR79_snR55,0.104445868055773,L1,snR79,snR55
snR79_YKL100W-A,0.122009113280084,L1,snR79,YKL100W-A
snR79_snR39,0.198332994545808,L1,snR79,snR39
snR79_YLR154W-F,-0.123523926829318,L1,snR79,YLR154W-F
YLR154W-F_YBL071C-B,0.268674338507162,L1,YLR154W-F,YBL071C-B
YLR154W-F_YJL136W-A,-0.130900132321915,L1,YLR154W-F,YJL136W-A
YLR154W-F_YLR154W-E,0.101787669229609,L1,YLR154W-F,YLR154W-E
YLR154W-F_YKL156C-A,0.159073740793048,L1,YLR154W-F,YKL156C-A
YLR154W-F_snR79,-0.161374359484674,L1,YLR154W-F,snR79
YLR154W-F_YPL135C-A,0.104844285033445,L1,YLR154W-F,YPL135C-A
YDL232W_YMR272W-A,0.114503650446001,L2,YDL232W,YMR272W-A
YDL232W_YER053C-A,0.113268101348486,L2,YDL232W,YER053C-A
YJL136W-A_tV(AAC)O,-0.141684192988132,L2,YJL136W-A,tV(AAC)O
YJL136W-A_snR59,0.117860479722088,L2,YJL136W-A,snR59
YJL136W-A_snR79,0.175802124835249,L2,YJL136W-A,snR79
YNL097W-A_YLR154W-F,0.102294096528677,L2,YNL097W-A,YLR154W-F
tV(AAC)O_YJL136W-A,-0.138750125612123,L2,tV(AAC)O,YJL136W-A
tV(AAC)O_YOR302W,0.113511784941227,L2,tV(AAC)O,YOR302W
tV(AAC)O_YLR162W-A,0.100631403449826,L2,tV(AAC)O,YLR162W-A
tV(AAC)O_snR59,-0.112713678479677,L2,tV(AAC)O,snR59
tV(AAC)O_snR79,-0.160355469733699,L2,tV(AAC)O,snR79
tV(AAC)O_YLR154W-F,0.144080612150256,L2,tV(AAC)O,YLR154W-F
YDL133C-A_snR67,0.102724537447184,L2,YDL133C-A,snR67
snR67_snR39,0.124908559848867,L2,snR67,snR39
YOR302W_tV(AAC)O,0.116055498239139,L2,YOR302W,tV(AAC)O
YOR302W_YLR154W-F,0.110681156333872,L2,YOR302W,YLR154W-F
YBR141W-A_snR77,0.100320421419691,L2,YBR141W-A,snR77
YER053C-A_YDL232W,0.117021185942553,L2,YER053C-A,YDL232W
YKL100W-A_snR79,0.167949321725065,L2,YKL100W-A,snR79
snR59_YJL136W-A,0.119518854448603,L2,snR59,YJL136W-A
snR59_tV(AAC)O,-0.116324017237081,L2,snR59,tV(AAC)O
snR39_YDL133C-A,0.112891949574527,L2,snR39,YDL133C-A
snR39_snR67,0.136466603421667,L2,snR39,snR67
snR39_snR79,0.165002189803204,L2,snR39,snR79
snR79_YOR161W-A,0.113466799799356,L2,snR79,YOR161W-A
snR79_YJL136W-A,0.144494215417917,L2,snR79,YJL136W-A
snR79_YBL006W-A,0.117303201042388,L2,snR79,YBL006W-A
snR79_YEL008C-A,0.103704308207838,L2,snR79,YEL008C-A
snR79_YNR003W-A,0.117750315056336,L2,snR79,YNR003W-A
snR79_tV(AAC)O,-0.148698328935851,L2,snR79,tV(AAC)O
snR79_snR74,0.103749871005747,L2,snR79,snR74
snR79_YDL133C-A,0.157369996046107,L2,snR79,YDL133C-A
snR79_snR40,0.153346398868034,L2,snR79,snR40
snR79_YEL017C-A,0.136527865768184,L2,snR79,YEL017C-A
snR79_snR67,0.151977587342,L2,snR79,snR67
snR79_snR55,0.145913175739308,L2,snR79,snR55
snR79_YKL100W-A,0.174485333554785,L2,snR79,YKL100W-A
snR79_snR59,0.135491517970749,L2,snR79,snR59
snR79_snR39,0.195832233986985,L2,snR79,snR39
snR79_YHL015W-A,0.130884451450058,L2,snR79,YHL015W-A
snR79_YLR154W-F,-0.166582488463563,L2,snR79,YLR154W-F
YLR154W-F_YDL232W,0.115986517865337,L2,YLR154W-F,YDL232W
YLR154W-F_YNL097W-A,0.107209346017392,L2,YLR154W-F,YNL097W-A
YLR154W-F_tV(AAC)O,0.140809906486577,L2,YLR154W-F,tV(AAC)O
YLR154W-F_YOR302W,0.103886737938669,L2,YLR154W-F,YOR302W
YLR154W-F_snR79,-0.171765060273086,L2,YLR154W-F,snR79
YLR154W-F_YPL135C-A,0.110646347007293,L2,YLR154W-F,YPL135C-A
YPL135C-A_YLR154W-F,0.10852975905386,L2,YPL135C-A,YLR154W-F
YEL032C-A_YMR272W-A,0.110831553799567,L3,YEL032C-A,YMR272W-A
YEL032C-A_YER053C-A,0.108189017402995,L3,YEL032C-A,YER053C-A
YGR068W-A_YBR141W-A,0.127013297375543,L3,YGR068W-A,YBR141W-A
YDL232W_YEL032C-A,0.101671146848712,L3,YDL232W,YEL032C-A
YJL136W-A_tV(AAC)O,-0.134096935937931,L3,YJL136W-A,tV(AAC)O
YJL136W-A_YOR302W,-0.101142011748412,L3,YJL136W-A,YOR302W
YJL136W-A_snR59,0.130420172207771,L3,YJL136W-A,snR59
YJL136W-A_YLR154W-F,-0.118304417216485,L3,YJL136W-A,YLR154W-F
YKL156C-A_YBR141W-A,0.140188714253344,L3,YKL156C-A,YBR141W-A
tV(AAC)O_YJL136W-A,-0.121459128205047,L3,tV(AAC)O,YJL136W-A
tV(AAC)O_YOR302W,0.130785338135943,L3,tV(AAC)O,YOR302W
tV(AAC)O_snR79,-0.150320779902547,L3,tV(AAC)O,snR79
tV(AAC)O_YLR154W-F,0.169602472294137,L3,tV(AAC)O,YLR154W-F
tV(AAC)O_YPL135C-A,0.106741884476139,L3,tV(AAC)O,YPL135C-A
YDL184C_YER053C-A,0.107427799748333,L3,YDL184C,YER053C-A
snR40_snR79,0.1564782279965,L3,snR40,snR79
YMR272W-A_YEL032C-A,0.114780320133896,L3,YMR272W-A,YEL032C-A
YMR272W-A_snR18,0.109156208782077,L3,YMR272W-A,snR18
YMR272W-A_YJL136W-A,0.11124341171873,L3,YMR272W-A,YJL136W-A
YMR272W-A_YER053C-A,0.121403712015334,L3,YMR272W-A,YER053C-A
YMR272W-A_snR59,0.11841907552829,L3,YMR272W-A,snR59
snR67_YBR141W-A,0.168271849819371,L3,snR67,YBR141W-A
snR67_snR79,0.147346066993213,L3,snR67,snR79
YOR302W_tV(AAC)O,0.141572599458466,L3,YOR302W,tV(AAC)O
YOR302W_YBR141W-A,0.175068887834121,L3,YOR302W,YBR141W-A
YOR302W_snR39B,0.101319218142741,L3,YOR302W,snR39B
YOR302W_YLR154W-F,0.145035476747293,L3,YOR302W,YLR154W-F
YBR141W-A_YGR068W-A,0.114974371986415,L3,YBR141W-A,YGR068W-A
YBR141W-A_YKL156C-A,0.141497031700084,L3,YBR141W-A,YKL156C-A
YBR141W-A_YDL184C,-0.10104830844404,L3,YBR141W-A,YDL184C
YBR141W-A_snR67,0.153189543086579,L3,YBR141W-A,snR67
YBR141W-A_YOR302W,0.174865805131378,L3,YBR141W-A,YOR302W
YBR141W-A_snR24,0.108890436824477,L3,YBR141W-A,snR24
YBR141W-A_YMR182W-A,0.108375629821433,L3,YBR141W-A,YMR182W-A
YBR141W-A_snR39B,0.112677291389039,L3,YBR141W-A,snR39B
YER053C-A_YEL032C-A,0.104561220633601,L3,YER053C-A,YEL032C-A
YER053C-A_YDL184C,0.103860302660799,L3,YER053C-A,YDL184C
YER053C-A_YMR272W-A,0.109725068311779,L3,YER053C-A,YMR272W-A
YKL100W-A_snR79,0.17675947703522,L3,YKL100W-A,snR79
snR59_YJL136W-A,0.121533426425115,L3,snR59,YJL136W-A
YHL015W-A_snR79,0.165996573579519,L3,YHL015W-A,snR79
snR39B_YOR302W,0.103527327899943,L3,snR39B,YOR302W
snR79_YOR161W-A,0.122569793099278,L3,snR79,YOR161W-A
snR79_YGR068W-A,0.110840161597035,L3,snR79,YGR068W-A
snR79_YJL136W-A,0.12247635341354,L3,snR79,YJL136W-A
snR79_YBL006W-A,0.127566645468782,L3,snR79,YBL006W-A
snR79_snR64,0.11736417096407,L3,snR79,snR64
snR79_snR66,0.121023496039187,L3,snR79,snR66
snR79_YNR003W-A,0.112569435984897,L3,snR79,YNR003W-A
snR79_tV(AAC)O,-0.137015665795179,L3,snR79,tV(AAC)O
snR79_snR74,0.12094774011329,L3,snR79,snR74
snR79_YDL133C-A,0.138359897778266,L3,snR79,YDL133C-A
snR79_snR40,0.154030634164806,L3,snR79,snR40
snR79_YEL017C-A,0.143000732185202,L3,snR79,YEL017C-A
snR79_snR67,0.164148391671249,L3,snR79,snR67
snR79_snR24,0.121196897452101,L3,snR79,snR24
snR79_YBR141W-A,0.151113371627701,L3,snR79,YBR141W-A
snR79_snR55,0.12285882631993,L3,snR79,snR55
snR79_YKL100W-A,0.183059206064599,L3,snR79,YKL100W-A
snR79_snR39,0.113828200457876,L3,snR79,snR39
snR79_YHL015W-A,0.178266535676446,L3,snR79,YHL015W-A
snR79_YER138W-A,0.112191388150701,L3,snR79,YER138W-A
YLR154W-F_YJL136W-A,-0.110676119679048,L3,YLR154W-F,YJL136W-A
YLR154W-F_YNL097W-A,0.100693195754696,L3,YLR154W-F,YNL097W-A
YLR154W-F_tV(AAC)O,0.173351032908974,L3,YLR154W-F,tV(AAC)O
YLR154W-F_YOR302W,0.138625166322182,L3,YLR154W-F,YOR302W
YLR154W-F_YPL135C-A,0.115010300752807,L3,YLR154W-F,YPL135C-A
YPL135C-A_tV(AAC)O,0.106382135054489,L3,YPL135C-A,tV(AAC)O
YPL135C-A_YLR154W-F,0.112783920845389,L3,YPL135C-A,YLR154W-F
YEL032C-A_tV(AAC)O,0.10725428527638,L4,YEL032C-A,tV(AAC)O
YEL032C-A_YMR272W-A,0.113483756222765,L4,YEL032C-A,YMR272W-A
snR77_YLR154W-F,0.104165514930984,L4,snR77,YLR154W-F
YDL232W_snR77,0.102704363574887,L4,YDL232W,snR77
YDL232W_YLR154W-F,0.135493172583162,L4,YDL232W,YLR154W-F
YKL156C-A_YBR141W-A,0.104408617302756,L4,YKL156C-A,YBR141W-A
YKL156C-A_YLR154W-F,0.111102497242471,L4,YKL156C-A,YLR154W-F
YDL133C-A_snR79,0.165085978572657,L4,YDL133C-A,snR79
snR40_YHL015W-A,0.153505546767898,L4,snR40,YHL015W-A
YMR272W-A_YEL032C-A,0.114446549335788,L4,YMR272W-A,YEL032C-A
snR67_snR79,0.205945730740185,L4,snR67,snR79
YBR141W-A_YGR068W-A,0.10665507603721,L4,YBR141W-A,YGR068W-A
YBR141W-A_YKL156C-A,0.115194104305616,L4,YBR141W-A,YKL156C-A
YBR141W-A_snR79,0.170400182372102,L4,YBR141W-A,snR79
tN(GUU)Q_YHL015W-A,0.156967935433996,L4,tN(GUU)Q,YHL015W-A
YKL100W-A_snR79,0.177000492070086,L4,YKL100W-A,snR79
snR39_tV(AAC)O,0.108569333647048,L4,snR39,tV(AAC)O
snR39_YHL015W-A,0.186467906213597,L4,snR39,YHL015W-A
YHL015W-A_YBL071C-B,0.138784265266428,L4,YHL015W-A,YBL071C-B
YHL015W-A_YDL232W,-0.129331110254296,L4,YHL015W-A,YDL232W
YHL015W-A_YNR003W-A,0.100440446150089,L4,YHL015W-A,YNR003W-A
YHL015W-A_snR40,0.155433102957152,L4,YHL015W-A,snR40
YHL015W-A_YEL017C-A,0.101738569394531,L4,YHL015W-A,YEL017C-A
YHL015W-A_snR24,0.11210312907185,L4,YHL015W-A,snR24
YHL015W-A_tN(GUU)Q,0.151401917771728,L4,YHL015W-A,tN(GUU)Q
YHL015W-A_YKL100W-A,0.137912025185677,L4,YHL015W-A,YKL100W-A
YHL015W-A_snR39,0.169217229031024,L4,YHL015W-A,snR39
YHL015W-A_snR79,0.167102061042538,L4,YHL015W-A,snR79
YHL015W-A_YLR154W-F,-0.163356185492088,L4,YHL015W-A,YLR154W-F
snR79_YGR068W-A,0.126110195871979,L4,snR79,YGR068W-A
snR79_snR66,0.143415135464039,L4,snR79,snR66
snR79_snR74,0.115997746733994,L4,snR79,snR74
snR79_YDL184C,-0.13788901771373,L4,snR79,YDL184C
snR79_YDL133C-A,0.164956860267383,L4,snR79,YDL133C-A
snR79_snR67,0.217351838856027,L4,snR79,snR67
snR79_snR24,0.133816414932107,L4,snR79,snR24
snR79_YMR182W-A,0.113228986113648,L4,snR79,YMR182W-A
snR79_YBR141W-A,0.197043430004043,L4,snR79,YBR141W-A
snR79_YHR032C-A,0.112932375390748,L4,snR79,YHR032C-A
snR79_YER053C-A,-0.12234391562106,L4,snR79,YER053C-A
snR79_YKL100W-A,0.177294323194007,L4,snR79,YKL100W-A
snR79_YHL015W-A,0.171088821561783,L4,snR79,YHL015W-A
YLR154W-F_YDL232W,0.153513714926682,L4,YLR154W-F,YDL232W
YLR154W-F_YKL156C-A,0.100400181348365,L4,YLR154W-F,YKL156C-A
YLR154W-F_YHL015W-A,-0.18932052836139,L4,YLR154W-F,YHL015W-A
YLR154W-F_YPL135C-A,0.106710157770835,L4,YLR154W-F,YPL135C-A
YPL135C-A_YDL232W,0.100366182760986,L4,YPL135C-A,YDL232W
YPL135C-A_YLR154W-F,0.108887933026544,L4,YPL135C-A,YLR154W-F
YEL032C-A_YMR272W-A,0.116375542285051,L5,YEL032C-A,YMR272W-A
YBL071C-B_YHL015W-A,0.120598182823445,L5,YBL071C-B,YHL015W-A
snR77_YMR272W-A,0.11688115024859,L5,snR77,YMR272W-A
snR77_YER053C-A,0.121153234735035,L5,snR77,YER053C-A
snR77_YHL015W-A,-0.132045852118586,L5,snR77,YHL015W-A
YGR068W-A_YLR154W-F,0.110545033756227,L5,YGR068W-A,YLR154W-F
snR18_snR40,0.100206583735624,L5,snR18,snR40
snR18_snR39,0.130719344637772,L5,snR18,snR39
snR18_YHL015W-A,0.12546188755353,L5,snR18,YHL015W-A
YKL156C-A_YBR141W-A,0.15766989816341,L5,YKL156C-A,YBR141W-A
YKL156C-A_YLR154W-F,0.126445122590798,L5,YKL156C-A,YLR154W-F
YDL184C_YMR272W-A,0.105904378200162,L5,YDL184C,YMR272W-A
YDL184C_YBR141W-A,-0.159154107317913,L5,YDL184C,YBR141W-A
YDL184C_YER053C-A,0.102326542080838,L5,YDL184C,YER053C-A
snR40_snR18,0.101934383861391,L5,snR40,snR18
snR40_snR39,0.138835451842219,L5,snR40,snR39
snR40_YHL015W-A,0.156782655063416,L5,snR40,YHL015W-A
YMR272W-A_YEL032C-A,0.120739153760018,L5,YMR272W-A,YEL032C-A
YMR272W-A_snR77,0.109231909895367,L5,YMR272W-A,snR77
YMR272W-A_YDL184C,0.106080083129561,L5,YMR272W-A,YDL184C
YMR272W-A_YER053C-A,0.122802194003589,L5,YMR272W-A,YER053C-A
snR67_YBR141W-A,0.151631198546131,L5,snR67,YBR141W-A
YOR302W_YBR141W-A,0.165586928053594,L5,YOR302W,YBR141W-A
YBR141W-A_YGR068W-A,0.131475484978796,L5,YBR141W-A,YGR068W-A
YBR141W-A_YDL232W,0.174070235095239,L5,YBR141W-A,YDL232W
YBR141W-A_YJL136W-A,-0.118074447198405,L5,YBR141W-A,YJL136W-A
YBR141W-A_snR87,0.150175659287963,L5,YBR141W-A,snR87
YBR141W-A_snR66,0.110030345630165,L5,YBR141W-A,snR66
YBR141W-A_YKL156C-A,0.170809111549695,L5,YBR141W-A,YKL156C-A
YBR141W-A_YDL184C,-0.151282209672175,L5,YBR141W-A,YDL184C
YBR141W-A_snR40,0.125133471816236,L5,YBR141W-A,snR40
YBR141W-A_snR67,0.148528176780921,L5,YBR141W-A,snR67
YBR141W-A_YOR302W,0.148551365240262,L5,YBR141W-A,YOR302W
YBR141W-A_snR59,-0.106419192345761,L5,YBR141W-A,snR59
YBR141W-A_snR39B,0.171500098918554,L5,YBR141W-A,snR39B
YBR141W-A_snR79,0.139856212130999,L5,YBR141W-A,snR79
YBR141W-A_YLR154W-F,0.159125185949247,L5,YBR141W-A,YLR154W-F
YER053C-A_snR77,0.116757727006326,L5,YER053C-A,snR77
YER053C-A_YDL184C,0.103904293653377,L5,YER053C-A,YDL184C
YER053C-A_YMR272W-A,0.124467219939062,L5,YER053C-A,YMR272W-A
snR39_snR18,0.132883970950502,L5,snR39,snR18
snR39_snR40,0.142284333452546,L5,snR39,snR40
snR39_YHL015W-A,0.18246561866515,L5,snR39,YHL015W-A
YHL015W-A_YBL071C-B,0.124799738897783,L5,YHL015W-A,YBL071C-B
YHL015W-A_snR77,-0.140638044146326,L5,YHL015W-A,snR77
YHL015W-A_snR18,0.130516405978717,L5,YHL015W-A,snR18
YHL015W-A_snR40,0.166050905667106,L5,YHL015W-A,snR40
YHL015W-A_snR39,0.184657145065493,L5,YHL015W-A,snR39
snR39B_YBR141W-A,0.165949831942315,L5,snR39B,YBR141W-A
YLR154W-F_YKL156C-A,0.120469436969208,L5,YLR154W-F,YKL156C-A
YEL032C-A_tV(AAC)O,0.104466074618954,L6,YEL032C-A,tV(AAC)O
YEL032C-A_YMR272W-A,0.110607824223039,L6,YEL032C-A,YMR272W-A
YBL071C-B_snR40,0.119407685666071,L6,YBL071C-B,snR40
YBL071C-B_YHL015W-A,0.137058439775058,L6,YBL071C-B,YHL015W-A
snR77_YDL184C,0.114474175643141,L6,snR77,YDL184C
snR77_YMR272W-A,0.134574651107334,L6,snR77,YMR272W-A
snR77_YER053C-A,0.1350169642395,L6,snR77,YER053C-A
YDL232W_YEL008C-A,0.139434194933342,L6,YDL232W,YEL008C-A
YDL232W_YKL156C-A,0.161460765929639,L6,YDL232W,YKL156C-A
YDL232W_YJR151W-A,0.24827666543069,L6,YDL232W,YJR151W-A
YDL232W_YBR141W-A,0.166600518153565,L6,YDL232W,YBR141W-A
YDL232W_YLR154W-F,0.1368281402168,L6,YDL232W,YLR154W-F
snR18_tV(AAC)O,0.10480138310271,L6,snR18,tV(AAC)O
snR18_snR40,0.122821104987265,L6,snR18,snR40
snR18_snR39,0.121475067578425,L6,snR18,snR39
snR18_YHL015W-A,0.127218115554324,L6,snR18,YHL015W-A
snR87_YBR141W-A,0.130602335910319,L6,snR87,YBR141W-A
YKL156C-A_YDL232W,0.159402271433308,L6,YKL156C-A,YDL232W
YKL156C-A_YJR151W-A,0.180563838867608,L6,YKL156C-A,YJR151W-A
tV(AAC)O_YEL032C-A,0.101383785701403,L6,tV(AAC)O,YEL032C-A
tV(AAC)O_snR18,0.106894574462467,L6,tV(AAC)O,snR18
tV(AAC)O_snR40,0.125329120956664,L6,tV(AAC)O,snR40
tV(AAC)O_YJR151W-A,-0.195203867766829,L6,tV(AAC)O,YJR151W-A
YDL184C_snR77,0.108867687815951,L6,YDL184C,snR77
snR40_YBL071C-B,0.118231514707736,L6,snR40,YBL071C-B
snR40_snR18,0.117792189028222,L6,snR40,snR18
snR40_tV(AAC)O,0.121330470161963,L6,snR40,tV(AAC)O
snR40_snR39,0.145081567741661,L6,snR40,snR39
snR40_YHL015W-A,0.183757595295375,L6,snR40,YHL015W-A
YMR272W-A_YEL032C-A,0.114607899696287,L6,YMR272W-A,YEL032C-A
YMR272W-A_snR77,0.133564324607669,L6,YMR272W-A,snR77
YMR272W-A_YER053C-A,0.126597631586542,L6,YMR272W-A,YER053C-A
YJR151W-A_YDL232W,0.216716515215139,L6,YJR151W-A,YDL232W
YJR151W-A_YEL008C-A,0.131063503350396,L6,YJR151W-A,YEL008C-A
YJR151W-A_YPR160W-A,0.110262380514899,L6,YJR151W-A,YPR160W-A
YJR151W-A_YKL156C-A,0.160491187056036,L6,YJR151W-A,YKL156C-A
YJR151W-A_tV(AAC)O,-0.184423043834085,L6,YJR151W-A,tV(AAC)O
YJR151W-A_YBR141W-A,0.135975576278626,L6,YJR151W-A,YBR141W-A
YJR151W-A_snR39B,0.115318255428577,L6,YJR151W-A,snR39B
YJR151W-A_snR79,0.172800436917899,L6,YJR151W-A,snR79
YJR151W-A_YLR154W-F,0.116521515995908,L6,YJR151W-A,YLR154W-F
YBR141W-A_snR77,-0.104577863761008,L6,YBR141W-A,snR77
YBR141W-A_YDL232W,0.189464041204595,L6,YBR141W-A,YDL232W
YBR141W-A_snR87,0.128559985562372,L6,YBR141W-A,snR87
YBR141W-A_YEL008C-A,0.119080194049493,L6,YBR141W-A,YEL008C-A
YBR141W-A_YJR151W-A,0.169652443689687,L6,YBR141W-A,YJR151W-A
YBR141W-A_snR39,0.132329755097824,L6,YBR141W-A,snR39
YBR141W-A_YHL015W-A,0.124224367847031,L6,YBR141W-A,YHL015W-A
YBR141W-A_snR39B,0.109954971527723,L6,YBR141W-A,snR39B
YBR141W-A_snR79,0.146731192784862,L6,YBR141W-A,snR79
YER053C-A_snR77,0.127130052800496,L6,YER053C-A,snR77
YER053C-A_YMR272W-A,0.122881080559258,L6,YER053C-A,YMR272W-A
snR39_snR18,0.121162084437952,L6,snR39,snR18
snR39_snR40,0.152712777572155,L6,snR39,snR40
snR39_YOR302W,0.100475880001236,L6,snR39,YOR302W
snR39_YBR141W-A,0.156468596033824,L6,snR39,YBR141W-A
snR39_YHL015W-A,0.173806611767337,L6,snR39,YHL015W-A
YHL015W-A_YBL071C-B,0.140035945966782,L6,YHL015W-A,YBL071C-B
YHL015W-A_snR77,-0.122766760111705,L6,YHL015W-A,snR77
YHL015W-A_snR18,0.123784711176582,L6,YHL015W-A,snR18
YHL015W-A_tV(AAC)O,0.109851607925881,L6,YHL015W-A,tV(AAC)O
YHL015W-A_snR40,0.189253046496915,L6,YHL015W-A,snR40
YHL015W-A_YBR141W-A,0.156271993027447,L6,YHL015W-A,YBR141W-A
YHL015W-A_snR39,0.167565541816165,L6,YHL015W-A,snR39
snR79_YDL232W,0.164070999529294,L6,snR79,YDL232W
snR79_YJR151W-A,0.188617583578972,L6,snR79,YJR151W-A
YLR154W-F_YDL232W,0.137610977593768,L6,YLR154W-F,YDL232W
YEL032C-A_snR18,0.100818074717032,L7,YEL032C-A,snR18
YEL032C-A_tV(AAC)O,0.123809949961817,L7,YEL032C-A,tV(AAC)O
YEL032C-A_YMR272W-A,0.108948509091996,L7,YEL032C-A,YMR272W-A
YDL232W_YEL008C-A,0.110220027594259,L7,YDL232W,YEL008C-A
YDL232W_YKL156C-A,0.159089277808904,L7,YDL232W,YKL156C-A
YDL232W_YJR151W-A,0.224661182742882,L7,YDL232W,YJR151W-A
YDL232W_snR39B,0.117653175001633,L7,YDL232W,snR39B
YDL232W_snR79,0.167227179473984,L7,YDL232W,snR79
YDL232W_YLR154W-F,0.104126364706967,L7,YDL232W,YLR154W-F
snR18_YEL032C-A,0.102090002866196,L7,snR18,YEL032C-A
snR87_YBR141W-A,0.192668163951498,L7,snR87,YBR141W-A
YKL156C-A_YDL232W,0.163144065889938,L7,YKL156C-A,YDL232W
YKL156C-A_YJR151W-A,0.159826406615379,L7,YKL156C-A,YJR151W-A
YKL156C-A_snR79,0.121653111929438,L7,YKL156C-A,snR79
tV(AAC)O_YEL032C-A,0.122206103801826,L7,tV(AAC)O,YEL032C-A
tV(AAC)O_snR18,0.119093474380866,L7,tV(AAC)O,snR18
tV(AAC)O_snR40,0.151299058875134,L7,tV(AAC)O,snR40
tV(AAC)O_YOR302W,0.153961998721373,L7,tV(AAC)O,YOR302W
tV(AAC)O_snR50,-0.101369815625782,L7,tV(AAC)O,snR50
tV(AAC)O_YJR151W-A,-0.196940104520176,L7,tV(AAC)O,YJR151W-A
tV(AAC)O_tN(GUU)Q,0.103774070687713,L7,tV(AAC)O,tN(GUU)Q
tV(AAC)O_YHL015W-A,0.186472153777957,L7,tV(AAC)O,YHL015W-A
snR40_tV(AAC)O,0.145907218806982,L7,snR40,tV(AAC)O
snR40_YOR302W,0.107443094067556,L7,snR40,YOR302W
snR40_YBR141W-A,0.144555037791946,L7,snR40,YBR141W-A
snR40_YHL015W-A,0.123705854677557,L7,snR40,YHL015W-A
YMR272W-A_YEL032C-A,0.108938451404507,L7,YMR272W-A,YEL032C-A
YOR302W_tV(AAC)O,0.141970622626279,L7,YOR302W,tV(AAC)O
YOR302W_YBR141W-A,0.200860793777008,L7,YOR302W,YBR141W-A
YJR151W-A_YDL232W,0.227716441798832,L7,YJR151W-A,YDL232W
YJR151W-A_YKL156C-A,0.156812489238917,L7,YJR151W-A,YKL156C-A
YJR151W-A_tV(AAC)O,-0.219381120439256,L7,YJR151W-A,tV(AAC)O
YJR151W-A_snR39B,0.113629051203676,L7,YJR151W-A,snR39B
YJR151W-A_YLR299C-A,0.108851381723405,L7,YJR151W-A,YLR299C-A
YJR151W-A_snR79,0.164318715879446,L7,YJR151W-A,snR79
YBR141W-A_YOR161W-A,0.106211291650018,L7,YBR141W-A,YOR161W-A
YBR141W-A_YDL232W,0.133658114249042,L7,YBR141W-A,YDL232W
YBR141W-A_YCR038W-A,0.122226320547883,L7,YBR141W-A,YCR038W-A
YBR141W-A_snR87,0.199076515709317,L7,YBR141W-A,snR87
YBR141W-A_YEL008C-A,0.112360044016756,L7,YBR141W-A,YEL008C-A
YBR141W-A_YKL156C-A,0.113833414002856,L7,YBR141W-A,YKL156C-A
YBR141W-A_YDL184C,-0.125975303574943,L7,YBR141W-A,YDL184C
YBR141W-A_snR40,0.119125520787421,L7,YBR141W-A,snR40
YBR141W-A_snR67,0.103936365800584,L7,YBR141W-A,snR67
YBR141W-A_YOR302W,0.169553997050714,L7,YBR141W-A,YOR302W
YBR141W-A_snR50,-0.103245796169636,L7,YBR141W-A,snR50
YBR141W-A_YER053C-A,-0.191731586714954,L7,YBR141W-A,YER053C-A
YBR141W-A_snR39,0.106813810118262,L7,YBR141W-A,snR39
YBR141W-A_YHL015W-A,0.187361738830741,L7,YBR141W-A,YHL015W-A
YBR141W-A_snR39B,0.106211207069591,L7,YBR141W-A,snR39B
YBR141W-A_YCR024C-A,-0.145375623708488,L7,YBR141W-A,YCR024C-A
YBR141W-A_snR79,0.127167008617931,L7,YBR141W-A,snR79
YBR141W-A_YLR154W-F,0.10636017367683,L7,YBR141W-A,YLR154W-F
YER053C-A_YMR272W-A,0.106012173171378,L7,YER053C-A,YMR272W-A
YER053C-A_snR50,0.103385764638672,L7,YER053C-A,snR50
YER053C-A_YBR141W-A,-0.200122033344472,L7,YER053C-A,YBR141W-A
YER053C-A_snR59,0.10239461349144,L7,YER053C-A,snR59
YER053C-A_YCR024C-A,0.160119823087453,L7,YER053C-A,YCR024C-A
snR59_YER053C-A,0.111495389861862,L7,snR59,YER053C-A
snR59_YCR024C-A,0.101055989308868,L7,snR59,YCR024C-A
YHL015W-A_tV(AAC)O,0.166895857853646,L7,YHL015W-A,tV(AAC)O
YHL015W-A_YBR141W-A,0.213366540460561,L7,YHL015W-A,YBR141W-A
snR39B_YDL232W,0.122784033644679,L7,snR39B,YDL232W
snR39B_YJR151W-A,0.11839651082853,L7,snR39B,YJR151W-A
YCR024C-A_YER053C-A,0.150548440086879,L7,YCR024C-A,YER053C-A
snR79_YDL232W,0.173162511027899,L7,snR79,YDL232W
snR79_YKL156C-A,0.122068196725207,L7,snR79,YKL156C-A
snR79_YJR151W-A,0.169390726802938,L7,snR79,YJR151W-A
YEL032C-A_YBR141W-A,0.135143953751779,L8,YEL032C-A,YBR141W-A
YEL032C-A_snR39,0.116150699014703,L8,YEL032C-A,snR39
YEL032C-A_YHL015W-A,0.106775951977448,L8,YEL032C-A,YHL015W-A
YDL232W_YEL008C-A,0.164044766406385,L8,YDL232W,YEL008C-A
YDL232W_YKL156C-A,0.125411720314,L8,YDL232W,YKL156C-A
YDL232W_YJR151W-A,0.290593084598926,L8,YDL232W,YJR151W-A
YDL232W_snR59,0.112969741899854,L8,YDL232W,snR59
YDL232W_snR39B,0.12742144400221,L8,YDL232W,snR39B
YDL232W_snR79,0.137383777510874,L8,YDL232W,snR79
YDL232W_YLR154W-F,0.1245445816399,L8,YDL232W,YLR154W-F
snR87_YEL008C-A,0.104467007611194,L8,snR87,YEL008C-A
snR87_snR39,0.124494158391346,L8,snR87,snR39
YEL008C-A_YDL232W,0.166550369831218,L8,YEL008C-A,YDL232W
YEL008C-A_YJR151W-A,0.191806561914392,L8,YEL008C-A,YJR151W-A
YPR160W-A_YJR151W-A,0.12580828846352,L8,YPR160W-A,YJR151W-A
tV(AAC)O_YBL071C-B,0.104938064532094,L8,tV(AAC)O,YBL071C-B
tV(AAC)O_snR40,0.163519594792979,L8,tV(AAC)O,snR40
tV(AAC)O_YOR302W,0.177786053484999,L8,tV(AAC)O,YOR302W
tV(AAC)O_YJR151W-A,-0.223196559981695,L8,tV(AAC)O,YJR151W-A
tV(AAC)O_YBR141W-A,0.141453034450153,L8,tV(AAC)O,YBR141W-A
tV(AAC)O_tN(GUU)Q,0.119044872331288,L8,tV(AAC)O,tN(GUU)Q
tV(AAC)O_YHL015W-A,0.200737585080388,L8,tV(AAC)O,YHL015W-A
snR40_tV(AAC)O,0.150599257791828,L8,snR40,tV(AAC)O
snR40_YOR302W,0.104259179864631,L8,snR40,YOR302W
YPL189C-A_YCR024C-A,0.102147403828905,L8,YPL189C-A,YCR024C-A
YOR302W_tV(AAC)O,0.173870181719295,L8,YOR302W,tV(AAC)O
YOR302W_snR40,0.109309236038541,L8,YOR302W,snR40
YOR302W_YBR141W-A,0.12472568020667,L8,YOR302W,YBR141W-A
YMR182W-A_YCR024C-A,0.114406423044062,L8,YMR182W-A,YCR024C-A
YJR151W-A_YDL232W,0.266867918004021,L8,YJR151W-A,YDL232W
YJR151W-A_YEL008C-A,0.175202201965156,L8,YJR151W-A,YEL008C-A
YJR151W-A_YPR160W-A,0.12580828846352,L8,YJR151W-A,YPR160W-A
YJR151W-A_tV(AAC)O,-0.206348013789946,L8,YJR151W-A,tV(AAC)O
YJR151W-A_snR59,0.111593347381069,L8,YJR151W-A,snR59
YJR151W-A_snR39B,0.117274608848487,L8,YJR151W-A,snR39B
YJR151W-A_YLR154W-F,0.10807619402002,L8,YJR151W-A,YLR154W-F
YBR141W-A_YEL032C-A,0.135728411156962,L8,YBR141W-A,YEL032C-A
YBR141W-A_snR18,0.111443451446274,L8,YBR141W-A,snR18
YBR141W-A_snR87,0.127852047537676,L8,YBR141W-A,snR87
YBR141W-A_YOR302W,0.111382907792955,L8,YBR141W-A,YOR302W
YBR141W-A_snR39,0.158196754741105,L8,YBR141W-A,snR39
YBR141W-A_YHL015W-A,0.131221536549654,L8,YBR141W-A,YHL015W-A
tN(GUU)Q_tV(AAC)O,0.119044872331287,L8,tN(GUU)Q,tV(AAC)O
snR39_YEL032C-A,0.113583338270236,L8,snR39,YEL032C-A
snR39_snR87,0.120909531146849,L8,snR39,snR87
snR39_YBR141W-A,0.14745856808531,L8,snR39,YBR141W-A
YHL015W-A_tV(AAC)O,0.194538894610746,L8,YHL015W-A,tV(AAC)O
YHL015W-A_YBR141W-A,0.14234924621347,L8,YHL015W-A,YBR141W-A
snR39B_YDL232W,0.12320595466125,L8,snR39B,YDL232W
YCR024C-A_YPL189C-A,0.106057890545616,L8,YCR024C-A,YPL189C-A
YCR024C-A_YMR182W-A,0.106142030339494,L8,YCR024C-A,YMR182W-A
snR79_YDL232W,0.131171175571301,L8,snR79,YDL232W
YLR154W-F_YDL232W,0.129358295649413,L8,YLR154W-F,YDL232W
YLR154W-F_YJR151W-A,0.123280546318792,L8,YLR154W-F,YJR151W-A
YEL032C-A_YDL232W,0.123944266549009,L9,YEL032C-A,YDL232W
YOR161W-A_YEL008C-A,0.110802883498819,L9,YOR161W-A,YEL008C-A
YOR161W-A_YMR182W-A,-0.118526131702393,L9,YOR161W-A,YMR182W-A
YOR161W-A_YBR141W-A,0.113222485513742,L9,YOR161W-A,YBR141W-A
YOR161W-A_YCR024C-A,-0.107536841445772,L9,YOR161W-A,YCR024C-A
YDL232W_YEL032C-A,0.124488001939641,L9,YDL232W,YEL032C-A
YDL232W_YPR160W-A,0.104197569895659,L9,YDL232W,YPR160W-A
YDL232W_snR67,0.141761736168295,L9,YDL232W,snR67
YDL232W_YJR151W-A,0.270876316323906,L9,YDL232W,YJR151W-A
YDL232W_YBR141W-A,0.118164955654425,L9,YDL232W,YBR141W-A
YDL232W_tR(CCU)J,0.104182488002235,L9,YDL232W,tR(CCU)J
YDL232W_snR39,0.206864544369609,L9,YDL232W,snR39
snR18_YBR141W-A,0.116192813846956,L9,snR18,YBR141W-A
snR87_YEL008C-A,0.133236360648423,L9,snR87,YEL008C-A
snR87_YBR141W-A,0.144138791873741,L9,snR87,YBR141W-A
snR87_snR39,0.102516135097219,L9,snR87,snR39
snR87_YCR024C-A,-0.11371392262675,L9,snR87,YCR024C-A
YEL008C-A_snR87,0.119695732608178,L9,YEL008C-A,snR87
YEL008C-A_YBR141W-A,0.146728614294267,L9,YEL008C-A,YBR141W-A
YPR160W-A_YDL232W,0.10953396348484,L9,YPR160W-A,YDL232W
YPL152W-A_YJR151W-A,-0.15517371085344,L9,YPL152W-A,YJR151W-A
snR67_YDL232W,0.146135668470237,L9,snR67,YDL232W
snR67_YJR151W-A,0.160685770610397,L9,snR67,YJR151W-A
snR67_snR39,0.107536688745963,L9,snR67,snR39
snR50_YMR182W-A,0.121310090305483,L9,snR50,YMR182W-A
snR50_YCR024C-A,0.108332369712048,L9,snR50,YCR024C-A
YMR182W-A_YOR161W-A,-0.125885458579505,L9,YMR182W-A,YOR161W-A
YMR182W-A_YEL008C-A,-0.12143429856239,L9,YMR182W-A,YEL008C-A
YMR182W-A_snR50,0.121121033228356,L9,YMR182W-A,snR50
YMR182W-A_YNL144W-A,0.127411670453545,L9,YMR182W-A,YNL144W-A
YMR182W-A_YCR024C-A,0.175565401581821,L9,YMR182W-A,YCR024C-A
YJR151W-A_YML007C-A,-0.111668445105425,L9,YJR151W-A,YML007C-A
YJR151W-A_YDL232W,0.284732036622794,L9,YJR151W-A,YDL232W
YJR151W-A_YPR160W-A,0.127687409283429,L9,YJR151W-A,YPR160W-A
YJR151W-A_YAR035C-A,-0.103251758616149,L9,YJR151W-A,YAR035C-A
YJR151W-A_YPL152W-A,-0.180933992833194,L9,YJR151W-A,YPL152W-A
YJR151W-A_snR67,0.162039721163897,L9,YJR151W-A,snR67
YJR151W-A_snR50,0.119209097045347,L9,YJR151W-A,snR50
YJR151W-A_tR(CCU)J,0.127742139259323,L9,YJR151W-A,tR(CCU)J
YJR151W-A_YKL100W-A,0.102972554886323,L9,YJR151W-A,YKL100W-A
YJR151W-A_YNL144W-A,0.119347111631239,L9,YJR151W-A,YNL144W-A
YJR151W-A_snR39,0.200380620565564,L9,YJR151W-A,snR39
YBR141W-A_YOR161W-A,0.128106235907281,L9,YBR141W-A,YOR161W-A
YBR141W-A_snR18,0.101770363297897,L9,YBR141W-A,snR18
YBR141W-A_YCR038W-A,0.100130336113699,L9,YBR141W-A,YCR038W-A
YBR141W-A_snR87,0.151991976752261,L9,YBR141W-A,snR87
YBR141W-A_YEL008C-A,0.176179067938723,L9,YBR141W-A,YEL008C-A
YBR141W-A_snR64,0.105203095623201,L9,YBR141W-A,snR64
YBR141W-A_YMR182W-A,-0.115955872733314,L9,YBR141W-A,YMR182W-A
YBR141W-A_snR39B,0.116443351291286,L9,YBR141W-A,snR39B
YBR141W-A_YLR154W-F,0.100651987238653,L9,YBR141W-A,YLR154W-F
tR(CCU)J_YJR151W-A,0.127742139259323,L9,tR(CCU)J,YJR151W-A
YNL144W-A_YMR182W-A,0.130937722579621,L9,YNL144W-A,YMR182W-A
YNL144W-A_YCR024C-A,0.114459279522143,L9,YNL144W-A,YCR024C-A
snR39_YDL232W,0.209413303080065,L9,snR39,YDL232W
snR39_snR67,0.108420501523109,L9,snR39,snR67
snR39_YJR151W-A,0.20540088226568,L9,snR39,YJR151W-A
YCR024C-A_YOR161W-A,-0.106158988373674,L9,YCR024C-A,YOR161W-A
YCR024C-A_YBL006W-A,0.100217753259803,L9,YCR024C-A,YBL006W-A
YCR024C-A_snR87,-0.111542620115704,L9,YCR024C-A,snR87
YCR024C-A_YEL008C-A,-0.110414725888016,L9,YCR024C-A,YEL008C-A
YCR024C-A_snR50,0.103015868492918,L9,YCR024C-A,snR50
YCR024C-A_YMR182W-A,0.16624643940325,L9,YCR024C-A,YMR182W-A
YCR024C-A_YNL144W-A,0.105092299511232,L9,YCR024C-A,YNL144W-A
YKL106C-A_YDL232W,0.129996671928078,L10,YKL106C-A,YDL232W
YDL232W_YKL106C-A,0.135779137707485,L10,YDL232W,YKL106C-A
YDL232W_YOR161W-A,-0.1015041701449,L10,YDL232W,YOR161W-A
YDL232W_snR18,0.136052969699167,L10,YDL232W,snR18
YDL232W_YKL156C-A,0.121981782776241,L10,YDL232W,YKL156C-A
YDL232W_YMR182W-A,0.169504626284404,L10,YDL232W,YMR182W-A
YDL232W_YJR151W-A,0.2245031620626,L10,YDL232W,YJR151W-A
YDL232W_YNL144W-A,0.112025308194253,L10,YDL232W,YNL144W-A
YDL232W_snR39,0.174979548780472,L10,YDL232W,snR39
YDL232W_YCR024C-A,0.126402254840177,L10,YDL232W,YCR024C-A
YDL232W_YLR299C-A,0.103074371802188,L10,YDL232W,YLR299C-A
snR18_YDL232W,0.127293772303154,L10,snR18,YDL232W
YEL008C-A_YOR302W,0.110512785327444,L10,YEL008C-A,YOR302W
YPL152W-A_YJR151W-A,-0.175065936633369,L10,YPL152W-A,YJR151W-A
snR67_YJR151W-A,0.181621515570177,L10,snR67,YJR151W-A
YMR182W-A_YDL232W,0.162499239873936,L10,YMR182W-A,YDL232W
YMR182W-A_snR18,0.100803440431114,L10,YMR182W-A,snR18
YJR151W-A_YML007C-A,-0.133297995694639,L10,YJR151W-A,YML007C-A
YJR151W-A_YGR068W-A,-0.12663638849724,L10,YJR151W-A,YGR068W-A
YJR151W-A_YDL232W,0.252258625821629,L10,YJR151W-A,YDL232W
YJR151W-A_YPR160W-A,0.15477755188115,L10,YJR151W-A,YPR160W-A
YJR151W-A_tT(UGU)H,-0.111011549893797,L10,YJR151W-A,tT(UGU)H
YJR151W-A_YAR035C-A,-0.125641982230134,L10,YJR151W-A,YAR035C-A
YJR151W-A_YPL152W-A,-0.19927041975415,L10,YJR151W-A,YPL152W-A
YJR151W-A_snR67,0.19737671710938,L10,YJR151W-A,snR67
YJR151W-A_YOR302W,0.129285271522605,L10,YJR151W-A,YOR302W
YJR151W-A_snR50,0.103417696204392,L10,YJR151W-A,snR50
YJR151W-A_tR(CCU)J,0.154835655740613,L10,YJR151W-A,tR(CCU)J
YJR151W-A_snR55,0.103345052752254,L10,YJR151W-A,snR55
YJR151W-A_YKL100W-A,0.127825928428595,L10,YJR151W-A,YKL100W-A
YJR151W-A_snR39,0.190112719288676,L10,YJR151W-A,snR39
tR(CCU)J_YJR151W-A,0.154835655740614,L10,tR(CCU)J,YJR151W-A
snR39_YDL232W,0.179658980617477,L10,snR39,YDL232W
snR39_YJR151W-A,0.175591575256129,L10,snR39,YJR151W-A
YKL106C-A_YDL232W,0.108815772913987,L11,YKL106C-A,YDL232W
tP(UGG)Q_YOR302W,0.121556393246265,L11,tP(UGG)Q,YOR302W
YDL232W_YKL106C-A,0.112099044349831,L11,YDL232W,YKL106C-A
YDL232W_snR18,0.121141974779451,L11,YDL232W,snR18
YDL232W_YOR302W,-0.114756953317859,L11,YDL232W,YOR302W
YDL232W_YMR182W-A,0.105562446127035,L11,YDL232W,YMR182W-A
snR18_YDL232W,0.115189083741951,L11,snR18,YDL232W
snR18_YOR302W,-0.11313493598509,L11,snR18,YOR302W
tE(UUC)Q_YOR302W,0.121556393246264,L11,tE(UUC)Q,YOR302W
YDL184C_YJR151W-A,0.226174640856772,L11,YDL184C,YJR151W-A
snR75_YJR151W-A,0.163818160831573,L11,snR75,YJR151W-A
snR67_YJR151W-A,0.473309636062047,L11,snR67,YJR151W-A
YOR302W_tP(UGG)Q,0.121968329094184,L11,YOR302W,tP(UGG)Q
YOR302W_snR77,0.103747075365473,L11,YOR302W,snR77
YOR302W_YDL232W,-0.100229651208109,L11,YOR302W,YDL232W
YOR302W_snR18,-0.107585941217245,L11,YOR302W,snR18
YOR302W_tE(UUC)Q,0.121968329094184,L11,YOR302W,tE(UUC)Q
YOR302W_YMR182W-A,-0.103326412212444,L11,YOR302W,YMR182W-A
YMR182W-A_YDL232W,0.104916768237887,L11,YMR182W-A,YDL232W
YMR182W-A_YOR302W,-0.113230208270852,L11,YMR182W-A,YOR302W
YJR151W-A_YEL032C-A,0.158055583017795,L11,YJR151W-A,YEL032C-A
YJR151W-A_YEL008C-A,-0.134105428485039,L11,YJR151W-A,YEL008C-A
YJR151W-A_YPR160W-A,0.12083218371173,L11,YJR151W-A,YPR160W-A
YJR151W-A_snR66,0.15351582384655,L11,YJR151W-A,snR66
YJR151W-A_YDL184C,0.226174640856773,L11,YJR151W-A,YDL184C
YJR151W-A_snR75,0.165741554757971,L11,YJR151W-A,snR75
YJR151W-A_snR67,0.468217376647299,L11,YJR151W-A,snR67
YJR151W-A_snR24,0.150194119942843,L11,YJR151W-A,snR24
YJR151W-A_YER053C-A,0.147935431403937,L11,YJR151W-A,YER053C-A
YJR151W-A_YLR163W-A,0.131066779315396,L11,YJR151W-A,YLR163W-A
YJR151W-A_YKL100W-A,0.149405671026045,L11,YJR151W-A,YKL100W-A
YJR151W-A_YHL015W-A,0.18887541181162,L11,YJR151W-A,YHL015W-A
YJR151W-A_snR39B,-0.141708495002746,L11,YJR151W-A,snR39B
YJR151W-A_snR79,-0.148220295325793,L11,YJR151W-A,snR79
YJR151W-A_YLR154W-F,0.311145501925688,L11,YJR151W-A,YLR154W-F
YJR151W-A_YDL114W-A,0.107922021099574,L11,YJR151W-A,YDL114W-A
YHL015W-A_YJR151W-A,0.190028964898206,L11,YHL015W-A,YJR151W-A
YLR154W-F_YJR151W-A,0.311681851774746,L11,YLR154W-F,YJR151W-A
YDL232W_YKL106C-A,0.107170785761851,L12,YDL232W,YKL106C-A
YDL232W_YEL032C-A,0.103432492487571,L12,YDL232W,YEL032C-A
YDL232W_snR18,0.183157160095085,L12,YDL232W,snR18
YDL232W_YLR149C-A,0.108859680154815,L12,YDL232W,YLR149C-A
YDL232W_tT(UGU)H,0.106671314979504,L12,YDL232W,tT(UGU)H
YDL232W_snR58,0.120344910920199,L12,YDL232W,snR58
YDL232W_YMR272W-A,0.186331771457658,L12,YDL232W,YMR272W-A
YDL232W_YOR302W,-0.141110174650117,L12,YDL232W,YOR302W
YDL232W_YER090C-A,0.12504098547089,L12,YDL232W,YER090C-A
YDL232W_snR50,0.127164264555851,L12,YDL232W,snR50
YDL232W_YER053C-A,0.186778945189659,L12,YDL232W,YER053C-A
YDL232W_YKL100W-A,0.128964964132572,L12,YDL232W,YKL100W-A
YDL232W_snR59,0.155964998052496,L12,YDL232W,snR59
YDL232W_snR39B,0.141005039507973,L12,YDL232W,snR39B
snR18_YDL232W,0.184401902832365,L12,snR18,YDL232W
YLR402W_YOR302W,0.100288660314939,L12,YLR402W,YOR302W
YDL184C_YJR151W-A,0.202020898855623,L12,YDL184C,YJR151W-A
YMR272W-A_YDL232W,0.184853523081232,L12,YMR272W-A,YDL232W
snR67_YJR151W-A,0.50285460172708,L12,snR67,YJR151W-A
YOR302W_YDL232W,-0.147153874354573,L12,YOR302W,YDL232W
YOR302W_YLR402W,0.10005301035302,L12,YOR302W,YLR402W
snR24_YJR151W-A,0.199441187610968,L12,snR24,YJR151W-A
YJR151W-A_YEL032C-A,0.134203140912304,L12,YJR151W-A,YEL032C-A
YJR151W-A_YPR160W-A,0.12524315302269,L12,YJR151W-A,YPR160W-A
YJR151W-A_snR71,0.116285038283101,L12,YJR151W-A,snR71
YJR151W-A_snR66,0.140860076660938,L12,YJR151W-A,snR66
YJR151W-A_YOR335W-A,0.100715465069949,L12,YJR151W-A,YOR335W-A
YJR151W-A_YDL184C,0.207528954560302,L12,YJR151W-A,YDL184C
YJR151W-A_snR75,0.147806479943696,L12,YJR151W-A,snR75
YJR151W-A_snR67,0.495245609494121,L12,YJR151W-A,snR67
YJR151W-A_snR24,0.19120320841122,L12,YJR151W-A,snR24
YJR151W-A_YLR163W-A,0.13784806892177,L12,YJR151W-A,YLR163W-A
YJR151W-A_YHL015W-A,0.191227126671077,L12,YJR151W-A,YHL015W-A
YJR151W-A_snR39B,-0.163547623146498,L12,YJR151W-A,snR39B
YJR151W-A_snR79,-0.140614892080383,L12,YJR151W-A,snR79
YJR151W-A_YLR154W-F,0.306027494373872,L12,YJR151W-A,YLR154W-F
YJR151W-A_YDL114W-A,0.117653909414172,L12,YJR151W-A,YDL114W-A
YER053C-A_YDL232W,0.187752897693914,L12,YER053C-A,YDL232W
snR59_YDL232W,0.156222948385993,L12,snR59,YDL232W
YHL015W-A_YJR151W-A,0.190436515898793,L12,YHL015W-A,YJR151W-A
YLR154W-F_YJR151W-A,0.302947903394202,L12,YLR154W-F,YJR151W-A
