Reg,weight_1,weight_2,weight_3,weight_4,weight_5,weight_6,weight_7
YPR182W_YOL039W,0.0105403114178809,0.0073675677627294,0.0,0.0,0.0107999820877728,0.0074233655434346,0.0072068998627449
snR77_YBR252W,0.0106984915985004,0.0,0.0,0.0,0.0,0.0,0.0
snR77_YLR062C,0.0110132278629528,0.0,0.0,0.0,0.0,0.0,0.0
snR77_YGR063C,0.0125315681119823,0.0,0.0,0.0,0.0,0.0,0.0
snR77_YLR402W,0.0407035641478918,0.0,0.0,0.0,0.0,0.0,0.0299293713533628
snR77_YDL061C,0.0389705899376183,0.0,0.0,0.0739668829270314,0.0,0.0,0.0
snR77_YML129C,0.0457613336028126,0.0,0.0,0.0893109182502088,0.0,0.0,0.0
snR77_YDR276C,0.0357086596937868,0.0,0.0,0.0560585820893497,0.0,0.0,0.0
snR77_YPL136W,0.0133884308430004,0.0,0.0,0.0,0.0,0.0,0.0
snR77_YDR193W,0.010300738222603,0.0,0.0,0.0,0.0,0.0,0.0
snR77_YDL184C,0.0552134838661273,0.0,0.0,0.0937397120815251,0.0,0.0,0.0
snR77_YGL030W,0.010696713594708,0.0,0.0,0.0,0.0,0.0,0.0
snR77_YOR146W,0.0110547115431669,0.0,0.0,0.0,0.0,0.0,0.0
snR77_YNL086W,0.0121772046596254,0.0,0.0,0.0,0.0,0.0,0.0
snR77_snR13,0.017520194962844,0.0,0.0,0.0,0.0,0.0,0.0
snR77_YLR185W,0.0176588489588711,0.0,0.0,0.0,0.0,0.0,0.0
snR77_snR85,0.0227753055905377,0.0,0.0,0.0,0.0,0.0,0.0
snR77_snR65,0.0310733025611164,0.0,0.0,0.0,0.0,0.0,-0.0074635538452207
snR77_YIL052C,0.0114993494423659,0.0,0.0,0.0,0.0,0.0,0.0
snR77_YGR105W,0.0148973835299808,0.0,0.0,0.0,0.0,0.0,0.0
snR77_YOR167C,0.0176689094478128,0.0,0.0,0.0,0.0,0.0,0.0
snR77_YJR085C,0.012694900008271,0.0,0.0,0.0,0.0,0.0,0.0
snR77_YDR500C,0.010188441730073,0.0,0.0,0.0,0.0,0.0,0.0
YDL232W_snR64,0.0606839464006097,0.0879628368241726,0.0899176922109426,0.0834976956744696,0.0,0.0,0.0
YDL232W_snR24,0.044280561624167,0.0,0.0,0.0,0.0,0.0,0.0
snR18_snR39,0.184635135738049,0.118016287863027,0.124896372039276,0.14927955524917,0.172049412103885,0.206599166562072,0.182845728091289
YLR402W_snR77,0.0381228855990584,0.0,0.0528673065100678,0.0525737569488505,0.0,0.0,0.0
YLR402W_YPL136W,0.0100115750818757,0.0089214349057292,0.007632708678627,0.0,0.0115478791812493,0.0,0.0
YLR402W_YLR388W,0.0118256518796734,0.0,0.0,0.0,0.0,0.0,0.0
YLR402W_snR85,0.0183000059818553,0.0,0.0,0.0,0.0,0.0,0.0
YLR402W_YGR105W,0.0112639111630399,0.011629833073314,0.0113993824514581,0.0114031639993612,0.0,0.0,0.0
snR76_snR54,0.014116846525044,0.0,0.0,0.0,0.0195755987043152,0.0,0.0
snR76_snR74,0.0314774329858052,0.0,0.0,0.0,0.0,0.0,0.0
snR87_YNL145W,0.0117510938579385,0.015401039588569,0.0147298436463254,0.0,0.0,0.016058295417927,0.0
snR87_snR38,0.0176524617151412,0.0,0.0,0.0,0.0,0.0110429245354316,0.0
YML129C_YLR062C,0.0106744221093087,0.0,0.0,0.0,0.0,0.0,0.0
YML129C_YDL184C,0.0472970184861454,0.0484824754488533,0.0494654336814441,0.0500252245994034,0.0,0.0,0.0
YML129C_YLR185W,0.0164518152162321,0.0,0.0,0.0,0.0151644243784537,0.0,0.005433854893813
YML129C_snR65,0.0276266626453767,0.0,0.0285424950651428,0.0280766654693936,0.0,0.0,0.0
YML129C_YIL052C,0.0104124582225929,0.0,0.0,0.0,0.0,0.0,0.0032314877923854
YDR276C_YLR402W,0.0246125312937861,0.0229119493202243,0.0,0.0,0.0497569522138966,0.033813344873988,0.0389626625035502
YDR276C_snR13,0.0107572524241399,0.0093166118721355,0.0094538384295079,0.0092599005378117,0.0,0.0,0.008943876768323
YDR276C_YOR167C,0.0109350225388578,0.0,0.0,0.0,0.0,0.0,0.0
snR64_YDL232W,0.0619074992803541,0.0902387011560938,0.0913796079148397,0.0867578984500021,0.0,0.0,0.0393844159561619
snR128_YJL205C,0.0176204822399627,0.0217459793639554,0.0233101407601112,0.0,0.0,0.0,0.0
snR128_snR18,0.0624366180866404,0.0656629943208209,0.0607083075589074,0.0460950281305343,0.0,0.0,-0.0450164798604231
snR58_snR64,0.0195550478045941,0.0,0.019296605829547,0.0,0.0134262547598758,0.0,0.0
snR40_snR87,0.0506167064594675,0.0291899937975704,0.0,0.0,0.0209736560113601,0.0241049106842713,0.0
snR40_YOR302W,0.0410070571826435,0.032834875071876,0.0347926969985779,0.0,0.0332502443609652,0.0,0.0426292312144571
snR40_YDL067C,0.0256308044564759,0.0155952156551018,0.0,0.0,0.0121489592005011,0.0,0.0
snR67_snR38,0.020515613149378,0.0,0.0,0.0,0.0,0.0,0.0
snR67_snR55,0.0578311763257477,0.0,0.0,0.0,0.0,0.0,0.0
snR67_snR39B,0.0833717246672516,0.0,0.0,0.0,0.0,0.0,0.0
snR67_snR79,0.142046096788779,0.153481161110071,0.113738808557069,0.0,0.0,0.0,0.0
YOR302W_YJL205C,0.0226521033780866,0.0,0.0,0.0,0.0,0.0,0.0
YOR302W_YPR183W,0.0100872131384019,0.0,0.0,0.0,0.0,0.0,0.0
YOR302W_snR40,0.0414548369898109,0.0347894164736331,0.0,0.0,0.0,0.0,0.0
YOR302W_YLR264W,0.0187147781154772,0.0170854160972405,0.0,0.0,0.0,0.0,0.0
YOR302W_YJL136C,0.0111571571024098,0.0,0.0,0.0,0.0,0.0,0.0
snR39_snR61,0.0127528192802985,0.0,0.0,0.0,0.0,0.0,0.0
snR39_YJL205C,0.0472175640933675,0.0,0.0471408572394722,0.0572780324301522,0.0,0.0,0.0
snR39_snR18,0.180879785450929,0.115364741371401,0.119495715530745,0.146133059089427,0.172256436771327,0.206356522206158,0.185452329073319
snR39_snR87,0.114000106299134,0.0758394074134836,0.0865730322154882,0.127226886310558,0.0,0.0832095258318601,0.0
snR39_YNL145W,0.0165236143264176,0.0243210318633472,0.0221027144719339,0.0,0.0,0.0397371824725087,0.0
snR39_snR60,0.0187373851619466,0.029377311181351,0.0282412618519275,0.0305936054940934,0.0,0.0,0.0
snR39_snR128,0.0766713962985261,0.0729410261761864,0.0704629442925978,0.0566971815162044,0.0,0.0,0.0
snR39_YPL047W,0.0138939379145268,0.0141735171110061,0.0138221283191907,0.0149598232710808,0.0,0.0,0.0
snR39_snR40,0.0878165387297872,0.0,0.0766187500682446,0.0879270298291444,0.0,0.0,0.0
snR39_snR38,0.026257734915843,0.0455767095598464,0.0503010759670934,0.0577359739470038,0.0,0.0251293129515171,0.0
snR39_YOR302W,0.0869469222584387,0.0,0.0,0.0782210209629591,0.0,0.0,0.0
snR39_YKR057W,0.0510274311968408,0.0583077081815276,0.0623213930394455,0.0672884110593373,0.0,0.0,0.0
snR39_YDL067C,0.0606729878375622,0.0,0.0,0.0341771933288497,0.0,0.0,0.0
snR39_YLR230W,0.0167103886567729,0.0214420627234106,0.0222678287449728,0.0216161398966191,0.0,0.0,0.0
snR39_snR80,0.010641930891219,0.0077428101062167,0.0083452603851453,0.0089087768665648,0.0,0.0,0.0
snR39_YJL136C,0.02632230658757,0.0239086899946925,0.0231840301067375,0.0199656462893991,0.0,0.0,0.0
snR39_YJR146W,0.0117653031983988,0.0,0.0,0.0,0.0,0.0,0.0
snR39_snR72,0.0260013455649158,0.0386812172988238,0.0398682804713792,0.0518985507113415,0.0,0.0344975832032536,0.0
snR39_snR70,0.012240323204738,0.0,0.0,0.0,0.015140303282789,0.011712338714517,0.0
snR39_YDR185C,0.0109482039817485,0.0,0.0076243933758285,0.0,0.0,0.0,0.0
snR39_YJL118W,0.0132939448741291,0.0,0.0,0.0,0.0,0.0,0.0
snR39_YNL028W,0.0185410848582138,0.0,0.0,0.0,0.0,0.0,0.0
snR39_snR55,0.0681433361841691,0.0,0.0426364044186228,0.074284340484101,0.0,0.0,0.0
snR39_snR59,-0.107466459885162,0.0,0.0,0.036131664103737,0.0,0.0659624031161528,0.0
snR39_snR36,0.013953252849755,0.0,0.0,0.0,0.0,0.0,0.0
snR39_snR39B,0.110162188339509,0.0,0.0,0.0,0.0,0.0,0.0
snR39_YPL252C,0.0167289621520304,0.0161018090319056,0.0157370138421179,0.016609073958817,0.0,0.0,0.0
snR39B_snR87,0.0643238939325378,0.0420140422705316,0.0,0.0,0.0,0.0,0.0212470304687315
snR79_RNA170,0.0222432787079943,0.0,0.0,0.0,0.0,0.0,0.0
snR79_YLR333C,0.0105388505522598,0.0,0.0,0.0,0.0,0.0,0.0
snR79_YDL232W,0.133760110897819,0.0,0.124883535722173,0.139416841741612,0.0,0.0,0.0
snR79_snR64,0.114715444075777,0.0856313720882962,0.0,0.0,0.0797507690257347,0.0,0.0
snR79_snR66,0.116881346926491,0.127121439467093,0.086495561659794,0.0385766841502353,0.0,0.0,0.0
snR79_snR74,0.0865477697307854,0.0981441008323038,0.0725992745288737,0.0490160918777016,0.0,0.0,0.0
snR79_YDL184C,-0.12609358827767,-0.0915872534568137,0.0,0.0,0.0,0.0,0.0
snR79_YDR016C,0.0127629289255545,0.0,0.0,0.0,0.0,0.0,0.0
snR79_snR67,0.148025025395861,0.156988560288398,0.113579065711468,0.0,0.0,0.0,0.0
snR79_snR6,0.0181339540228669,0.0159735930191344,0.0222248371050637,0.0240945523512405,0.0,0.0,0.0
snR79_snR10,0.0162873175031462,0.0,0.0161552808166808,0.0210793484644508,0.0,0.0,0.0
snR79_snR55,0.0806829267906619,0.0593204329967648,0.0,0.0,0.0,0.0,0.0
YDL232W_YLR333C,0.0065476226760957,0.0113870923205387,0.0121021305460467,0.0113135800899012,0.0,0.0,0.0
YDL232W_snR64,0.0606839464006097,0.0879628368241726,0.0899176922109426,0.0834976956744696,0.0,0.0,0.0
YDL232W_YDR016C,0.0078371074073513,0.0136864439815482,0.0141521331686671,0.0129313123937477,0.0,0.0,0.0
snR18_snR39,0.184635135738049,0.118016287863027,0.124896372039276,0.14927955524917,0.172049412103885,0.206599166562072,0.182845728091289
YML129C_YDL061C,0.03731843419361,0.0399145146910405,0.0455034682691643,0.0435327968075019,0.0385128763544477,0.0,0.0
snR128_YJL205C,0.0176204822399627,0.0217459793639554,0.0233101407601112,0.0,0.0,0.0,0.0
snR128_snR18,0.0624366180866404,0.0656629943208209,0.0607083075589074,0.0460950281305343,0.0,0.0,-0.0450164798604231
snR128_YKR057W,0.0210793233232626,0.0310953729472049,0.0299534291414665,0.0,0.0,0.0,0.0
snR128_snR62,0.0086010053084024,0.0109684147380519,0.0102347956761566,0.0,0.0,0.0,0.0
snR40_YDL067C,0.0256308044564759,0.0155952156551018,0.0,0.0,0.0121489592005011,0.0,0.0
snR67_snR79,0.142046096788779,0.153481161110071,0.113738808557069,0.0,0.0,0.0,0.0
YOR302W_snR40,0.0414548369898109,0.0347894164736331,0.0,0.0,0.0,0.0,0.0
YOR302W_YLR264W,0.0187147781154772,0.0170854160972405,0.0,0.0,0.0,0.0,0.0
YKR057W_YJL205C,0.0123906054764526,0.0166138713615535,0.0198001238767831,0.0,0.0095363368665472,0.0,0.0
snR39_snR18,0.180879785450929,0.115364741371401,0.119495715530745,0.146133059089427,0.172256436771327,0.206356522206158,0.185452329073319
snR39_snR87,0.114000106299134,0.0758394074134836,0.0865730322154882,0.127226886310558,0.0,0.0832095258318601,0.0
snR39_YNL145W,0.0165236143264176,0.0243210318633472,0.0221027144719339,0.0,0.0,0.0397371824725087,0.0
snR39_snR60,0.0187373851619466,0.029377311181351,0.0282412618519275,0.0305936054940934,0.0,0.0,0.0
snR39_snR128,0.0766713962985261,0.0729410261761864,0.0704629442925978,0.0566971815162044,0.0,0.0,0.0
snR39_YPL047W,0.0138939379145268,0.0141735171110061,0.0138221283191907,0.0149598232710808,0.0,0.0,0.0
snR39_snR38,0.026257734915843,0.0455767095598464,0.0503010759670934,0.0577359739470038,0.0,0.0251293129515171,0.0
snR39_YKR057W,0.0510274311968408,0.0583077081815276,0.0623213930394455,0.0672884110593373,0.0,0.0,0.0
snR39_YLR230W,0.0167103886567729,0.0214420627234106,0.0222678287449728,0.0216161398966191,0.0,0.0,0.0
snR39_YJL136C,0.02632230658757,0.0239086899946925,0.0231840301067375,0.0199656462893991,0.0,0.0,0.0
snR39_snR72,0.0260013455649158,0.0386812172988238,0.0398682804713792,0.0518985507113415,0.0,0.0344975832032536,0.0
snR39_YPL252C,0.0167289621520304,0.0161018090319056,0.0157370138421179,0.016609073958817,0.0,0.0,0.0
snR39B_snR55,0.0454230638025038,0.0319890532213718,0.0275801380548595,0.0,0.0,0.0,0.0
snR79_snR64,0.114715444075777,0.0856313720882962,0.0,0.0,0.0797507690257347,0.0,0.0
snR79_snR66,0.116881346926491,0.127121439467093,0.086495561659794,0.0385766841502353,0.0,0.0,0.0
snR79_YNL244C,0.0098249747773987,0.010113161768597,0.0107109915025701,0.0103751129419084,0.0,0.0,0.0
snR79_snR74,0.0865477697307854,0.0981441008323038,0.0725992745288737,0.0490160918777016,0.0,0.0,0.0
snR79_YDL184C,-0.12609358827767,-0.0915872534568137,0.0,0.0,0.0,0.0,0.0
snR79_snR67,0.148025025395861,0.156988560288398,0.113579065711468,0.0,0.0,0.0,0.0
snR79_snR6,0.0181339540228669,0.0159735930191344,0.0222248371050637,0.0240945523512405,0.0,0.0,0.0
snR79_snR55,0.0806829267906619,0.0593204329967648,0.0,0.0,0.0,0.0,0.0
YPR182W_YMR002W,0.0,0.0118616104360241,0.0,0.0,0.0,0.0159367423237109,0.0156496969624158
YDL232W_YBR082C,0.0,0.0161169809059471,0.0155900737308584,0.0143781657855504,0.0,0.0,0.0
YDL232W_YER009W,0.0,0.017361892061645,0.0172936393749929,0.0157517803309103,0.0,0.0,0.0
YDL232W_snR87,0.0,0.102190293367814,0.0,0.0,0.0905859307488944,0.087906925031628,0.0744374054354003
YDL232W_YBL001C,0.0,0.0122295402383698,0.0137342148316373,0.0125133226751064,0.0180159571477092,0.0,0.0
YDL232W_YNL145W,0.0,0.0309211048350792,0.0328190100129131,0.0294683461210179,0.0673722951377199,0.0390726220124311,0.0548290451269491
YDL232W_YDR461W,0.0,0.0314388693400267,0.0350250967339076,0.0,0.0,0.0,0.0
YDL232W_snR43,0.0,0.0118723121779281,0.0136967755263198,0.0,0.0174285471054816,0.0,0.0
YDL232W_YDL067C,0.0,0.0446146228256745,0.0,0.0442424048506057,0.0,0.0,0.0
YDL232W_snR55,0.0,0.0629093141305242,0.0658744246519807,0.0712384051100184,0.0604045416674476,0.0,0.0
YDL232W_snR39,0.0,0.140071609102842,0.132576915543858,0.138209287300002,0.201085369270482,0.200156495081639,0.210271642963166
YDL232W_snR39B,0.0,0.0957291288436946,0.0965100780453389,0.0,0.0,0.0,0.0
snR18_snR189,0.0,0.0200595392384404,0.0203796220496944,0.0,0.0,0.0190152075062606,0.0
snR18_YPL142C,0.0,0.0126126355949842,0.013294182719476,0.0,0.0,0.0,0.0
snR18_YJL205C,0.0,0.0361463108899717,0.0410416000234254,0.0,0.0,0.0,0.0
snR18_YPR183W,0.0,0.0156692288720819,0.0153582887621406,0.0,0.0,0.0,0.0
snR18_YGR063C,0.0,0.015225164607537,0.0161207222137151,0.0,0.0,0.0,0.0
snR18_YNL300W,0.0,0.0119870360109358,0.0,0.0,0.0,0.0,0.0
snR18_snR69,0.0,0.0504873735667527,0.0430854383880282,0.0,0.0728889507894696,0.0811478715650294,0.0
snR18_snR31,0.0,0.0106555478178939,0.0097777856950782,0.0,0.0,0.0,0.0
snR18_snR161,0.0,0.0199483576132782,0.0191372342475782,0.0,0.0,0.0,0.0
snR18_snR71,0.0,0.0111923324742538,0.0164738546938123,0.0,0.0,0.0,0.0
snR18_YPL136W,0.0,0.0161174993408605,0.01566157571709,0.0,0.0,0.0,0.0
snR18_snR128,0.0,0.0661126162066134,0.0603963142073811,0.0449931013201694,0.0,0.0,0.0
snR18_YDR476C,0.0,0.0155134297383005,0.0157448108954337,0.0,0.0,0.0,0.0
snR18_YPL047W,0.0,0.0111941641204294,0.0,0.0,0.0,0.0,0.0
snR18_snR58,0.0,0.0296422118803244,0.0,0.0,0.0,0.0,0.0
snR18_YHL018W,0.0,0.015839340530727,0.015630248279313,0.0,0.0,0.0,0.0
snR18_YIR044C,0.0,0.0111419679688738,0.0127836960941563,0.0,0.0,0.0156502720078006,0.0120913999948378
snR18_snR40,0.0,0.0530725692505399,0.0661252495509532,0.0,0.0,0.0,0.0
snR18_YMR123W,0.0,0.013248815218935,0.0115048175996666,0.0,0.0,0.0,0.0
snR18_YLR388W,0.0,0.0364692140332725,0.0368514772677329,0.0,0.0,0.0,0.0
snR18_YLR264W,0.0,0.0294980076104796,0.0274293323132633,0.0,0.0,0.0,0.0
snR18_YNL015W,0.0,0.0119855530488142,0.0,0.0,0.0,0.0221805987904165,0.0
snR18_YKR057W,0.0,0.0506502117151066,0.0522569452234525,0.0,0.0,0.0,0.0
snR18_YLR230W,0.0,0.0151394273212542,0.0,0.0,0.0,0.0,0.0
snR18_snR46,0.0,0.0141811465929064,0.0,0.0,0.0,0.0,0.0
snR18_YPL251W,0.0,0.0144604598551133,0.0172942077099191,0.0,0.0,0.0,0.0
snR18_YGR183C,0.0,0.0166406579930995,0.0,0.0,0.0,0.0,0.0
snR18_YOL005C,0.0,0.013664858406477,0.0128759698643489,0.0,0.0,0.0,0.0
snR18_YGR064W,0.0,0.0114776527797675,0.0111911070992026,0.0,0.0,0.0,0.0
snR18_YJL136C,0.0,0.0189812739951422,0.0180594470893842,0.0,0.0,0.0,0.0
snR18_YJR048W,0.0,0.0104697440544515,0.0,0.0,0.0,0.0,0.0
snR18_YLR185W,0.0,0.020555340959195,0.0,0.0,0.0,0.0,0.0
snR18_YDR115W,0.0,0.0110963495956703,0.0115230965351004,0.0,0.0,0.0,0.0
snR18_YLR390W,0.0,0.0113616502312287,0.0116446661384504,0.0,0.0,0.0,0.0
snR18_YPL079W,0.0,0.0118219548291649,0.0,0.0,0.0,0.0,0.0
snR18_YIL059C,0.0,0.0128960561848577,0.0119937214727242,0.0,0.0,0.0,0.0
snR18_snR85,0.0,0.0457622171392914,0.0378977565350857,0.0,0.0,0.0,0.0
snR18_YPL102C,0.0,0.0107459314448452,0.0108897229842119,0.0,0.0,0.0,0.0
snR18_YIL052C,0.0,0.0153361588217026,0.0138367641333383,0.0,0.0,0.0,0.0
snR18_snR62,0.0,0.0178755571489519,0.0182037759197957,0.0,0.0,0.0,0.0
snR18_YOR167C,0.0,0.0173316046852985,0.0,0.0,0.0283896948202344,0.0,0.0
snR18_YPL252C,0.0,0.0139960437551357,0.0134244199966887,0.0,0.0,0.0,0.0
snR18_YCR046C,0.0,0.0119470043453807,0.0,0.0,0.0,0.0,0.0
YDL061C_YML129C,0.0,0.0395306486771839,0.0449587075900154,0.0434603643248433,0.0,0.0,0.0
YDL061C_snR75,0.0,0.0152806459020171,0.017051432926594,0.0198074224064215,0.0,0.0,0.0
YDL061C_snR13,0.0,0.0122061864292074,0.0120892456800209,0.0133279563150542,0.0,0.0,0.0
snR87_YDL232W,0.0,0.108750505178647,0.0969529073170521,0.105778856315776,0.0959149740286709,0.0882122428326055,0.077054323424089
snR87_YDR461W,0.0,0.0152963628998428,0.0,0.0,0.0,0.0,0.0
YML129C_snR77,0.0,0.0898503944315969,0.102712310450303,0.0875713676215083,0.0776464983161523,0.0,0.0
YML129C_YDR276C,0.0,0.0311279899314703,0.0316090071056147,0.0339268407238651,0.0446753513264621,0.0,0.0
YML129C_YGR105W,0.0,0.0164286637971753,0.0,0.0162337279602075,0.0148973085189636,0.0,0.0
snR69_snR189,0.0,0.0100906936824186,0.0083245089673031,0.0054317542255327,0.0,0.0078191011227525,0.0058742899329055
snR69_snR128,0.0,0.0312491005279557,0.0246933369795283,0.0142880060778913,0.0,0.0,0.0
snR69_snR78,0.0,0.0157359656493846,0.0,0.0,0.0,0.0154926475777734,0.0
snR64_snR55,0.0,0.0317131694065194,0.0268503464285814,0.0,0.0,0.0,0.0116292179374209
snR64_snR39B,0.0,0.0484296345004903,0.0416360259369096,0.0,0.0,0.0,0.0248761046529231
snR128_snR189,0.0,0.0120606628028232,0.0,0.0,0.0,0.0,0.0
snR128_snR69,0.0,0.0308596126651526,0.0245234040680611,0.0145753697196562,0.0,0.0,0.0
snR128_snR161,0.0,0.0121213494795198,0.010932008581127,0.0,0.0,0.0,0.0
snR128_snR58,0.0,0.0187885649809555,0.0,0.0,0.0,0.0,0.0
snR128_snR40,0.0,0.0312444783187255,0.0376635745559175,0.028779640385867,0.0201421498026824,0.0,0.0
snR128_YLR388W,0.0,0.0224791881073968,0.021141726884351,0.0,0.0088370478764368,0.0,0.0
snR128_YLR264W,0.0,0.0175815721384262,0.0,0.0,0.0103847375743437,0.0,0.0
snR128_YGR183C,0.0,0.0103074751458674,0.0,0.0,0.0,0.0,0.0
snR128_YJL136C,0.0,0.0117576694508419,0.0105685248562579,0.0,0.0,0.0,0.0
snR128_snR85,0.0,0.0280668385515055,0.0219963041890591,0.0,0.0,0.0,0.0
snR128_snR78,0.0,0.0199977603338229,0.0,0.0,0.0,0.0,0.0
YDL184C_snR65,0.0,0.0332193761785478,0.0309484161733348,0.0,0.0,0.0,0.0
snR40_YJL205C,0.0,0.0186373145365553,0.0244402345753253,0.0,0.0135043864301848,0.0162877547521919,0.0139819458693279
snR40_snR81,0.0,0.0114842416950864,0.0,0.0,0.0,0.0,0.0131015627418112
YOR302W_YPR182W,0.0,0.0326517832375277,0.0,0.0,0.046440460735094,0.0438215685281605,0.0
YOR302W_YLR062C,0.0,0.010806711330393,0.0119974068593884,0.0,0.0137003763249898,0.0,0.0
YOR302W_YGR063C,0.0,0.0104492841363551,0.0115520876963535,0.0,0.0,0.014889737694708,0.0
YOR302W_YPL098C,0.0,0.0116131311743071,0.0,0.0,0.0,0.0,0.0
YOR302W_YLR402W,0.0,0.0332945398629484,0.0,0.0,0.0452527828409737,0.0575609766723421,0.0896657244288589
YOR302W_YJR018W,0.0,0.0128231916935211,0.0,0.0,0.0,0.0,0.0
YOR302W_YNR046W,0.0,0.0122604563592776,0.0,0.0,0.0,0.0,0.0
YOR302W_YPL136W,0.0,0.0110431553806563,0.0116917046228844,0.0,0.0,0.0,0.0
YOR302W_snR75,0.0,0.0151070355330204,0.0183365394221421,0.0,0.0232242435969592,0.0,0.0
YOR302W_snR81,0.0,0.0128154752196968,0.0,0.0,0.0,0.0,0.0
YOR302W_YNL086W,0.0,0.0115946441325182,0.0,0.0,0.0,0.0,0.0
YOR302W_YJR034W,0.0,0.0102645512728098,0.0,0.0,0.0,0.0,0.0
YOR302W_snR13,0.0,0.0126281510796583,0.0139841375596231,0.0155447217415155,0.0162104292525101,0.0,0.0
YOR302W_YLR185W,0.0,0.0144355406341914,0.01562754040307,0.0,0.0181267597333221,0.0,0.0
YOR302W_YFR036W,0.0,0.0111912849370068,0.0,0.0,0.0,0.0,0.0
YOR302W_YMR256C,0.0,0.0110793638943793,0.0115881103833193,0.0,0.0,0.0215475685959889,0.0367902466146137
YOR302W_YOR167C,0.0,0.0120291753602875,0.0,0.0,0.0,0.0,0.0
YOR302W_YJR085C,0.0,0.0105921925031161,0.0,0.0,0.0,0.0190407994474749,0.0
YOR302W_YDR500C,0.0,0.0102209422976841,0.0,0.0,0.0,0.0,0.0
YOR302W_YPL271W,0.0,0.0138616595358134,0.0155401629772961,0.0,0.0,0.0182839665699424,0.0
YKR057W_snR69,0.0,0.023208954184999,0.021108379081065,0.0,0.0,0.0,0.0
YKR057W_snR78,0.0,0.0156563287230821,0.0,0.0,0.0,0.0,0.0
snR55_snR64,0.0,0.0317385390081606,0.0272234680190626,0.0,0.0,0.0,0.0
snR39_YBR082C,0.0,0.0114094300920684,0.0107912092242189,0.0,0.0,0.0,0.0
snR39_YPR052C,0.0,0.0125778217257406,0.0132473731947623,0.0096661296086373,0.0,0.0,0.0
snR39_YPL142C,0.0,0.0154723041396507,0.016882221202009,0.017556293409639,0.0,0.0,0.0
snR39_YER009W,0.0,0.0119966293146413,0.0114330246581817,0.0,0.0,0.0,0.0
snR39_YDL232W,0.0,0.150597434331763,0.139291867679617,0.15345308464936,0.210629688473001,0.201356007988435,0.217614469654282
snR39_YJL191W,0.0,0.0128363481770946,0.0116628870262178,0.0,0.0,0.0,0.0
snR39_snR9,0.0,0.0113769695176895,0.0112504115084838,0.0,0.0,0.0,0.0
snR39_snR161,0.0,0.0221706792506034,0.0224735342932815,0.0,0.0,0.0,0.0
snR39_snR71,0.0,0.0139259994477132,0.0202284037212384,0.0190478943814806,0.0,0.0,0.0
snR39_snR58,0.0,0.0428207378872399,0.0505751880894293,0.0494920039108007,0.0,0.0,0.0
snR39_YLR388W,0.0,0.0425515986945097,0.0441053896209191,0.0465995338158411,0.0,0.0,0.0
snR39_YNL015W,0.0,0.016660881277589,0.0171787504596705,0.0158964649777947,0.0,0.0211900251140159,0.0
snR39_snR46,0.0,0.0187948272346032,0.0179411234571448,0.0142625889484498,0.0,0.0,0.0
snR39_YGR183C,0.0,0.0210046257863957,0.0227369521986036,0.0160929953705114,0.0,0.0,0.0
snR39_YOL005C,0.0,0.0160847390136512,0.0160126831514361,0.0,0.0,0.0,0.0
snR39_YDR115W,0.0,0.0137984618451293,0.0144983061537676,0.0149996506752166,0.0,0.0,0.0
snR39_YGR242W,0.0,0.0105218113862321,0.0109666976405881,0.009786648559331,0.0,0.0,0.0
snR39_snR85,0.0,0.0529226727477951,0.0471758980930348,0.0,0.0,0.0,0.0
snR39_snR62,0.0,0.0198854228252375,0.0201626105979557,0.0281376107165125,0.0,0.0,0.0
snR39_YOR226C,0.0,0.0104627453609457,0.0096994803205571,0.0,0.0,0.0,0.0
snR39B_snR64,0.0,0.045252888612534,0.0393245532251204,0.0,0.0,0.0,0.024457464652927
snR39B_YDR461W,0.0,0.0145484916747224,0.016287799165485,0.0,0.0,0.0,0.0
snR79_snR189,0.0,-0.0317485218465923,0.0,0.0,0.0,0.0,0.0
snR79_snR73,0.0,0.058082692774155,0.0485158664860029,0.0325721443691249,0.0,0.0,0.0
snR79_snR61,0.0,0.0164343688857792,0.0,0.0,0.0,0.0,0.0
snR79_snR57,0.0,0.0284498405071098,0.0194106775922581,0.0,0.0,0.0,0.0
snR79_snR18,0.0,-0.0984890913257783,0.0,0.0,0.0,-0.068128319011434,0.0
snR79_snR76,0.0,0.128086385707431,0.119986575084654,0.104958478601758,0.0993158355503312,0.0,0.0
snR79_YBR067C,0.0,0.0133236237759837,0.0,0.0,0.0,0.009324238267912,0.0
snR79_YOL109W,0.0,0.0147286308819826,0.0104079130408831,0.0,0.0,0.0109309654517181,0.0
snR79_YOR210W,0.0,0.037898661760866,0.0,0.0,0.0,0.0153359222596831,0.0
snR79_snR190,0.0,0.0166369422357008,0.0159984789994791,0.0201064176857718,0.0,0.0,0.0
snR79_YBR113W,0.0,0.0199257720483213,0.0192246469274879,0.0,0.0124182870473908,0.0,0.0
snR79_YDR156W,0.0,0.0141849906559633,0.0,0.0,0.0,0.0,0.0
snR79_YML009C,0.0,0.033620510740859,0.0311573015349188,0.0,0.0,0.0,0.0
snR79_snR24,0.0,0.0640227401608759,0.0,0.0,0.0,0.0,0.0
snR79_YDR210W,0.0,0.0292737513178184,0.0,0.0,0.0,0.0360525410348117,0.0
snR79_YLR043C,0.0,0.0228079989224443,0.0,0.0,0.0,0.0,0.0
snR79_YGL041C,0.0,0.0129231614328491,0.0118653140797918,0.0116630226458953,0.0,0.0,0.0
snR79_YPR100W,0.0,0.0106315169965352,0.0112754062155063,0.0,0.009794046325071,0.0,0.0
snR79_YMR174C,0.0,0.0316467827787839,0.0,0.0,0.0,0.0192702574265216,0.0
snR79_snR65,0.0,-0.0563124563970519,0.0,0.0,0.0,0.0,0.0
snR79_snR53,0.0,0.0288668510196606,0.040133042961856,0.0429967322308145,0.0,-0.009737349724648,0.0
snR79_snR39B,0.0,0.0902048932730771,0.0977814438284611,0.108968812988753,0.159744331064272,0.0913431129176414,0.0501795785695324
snR79_snR4,0.0,0.0122259348437855,0.0107613885706979,0.0,0.0119691759935625,0.0,0.0
snR79_YIL087C,0.0,0.0168606662225601,0.0,0.0,0.0,0.0149795069347259,0.0143366648374144
YDL232W_YLR333C,0.0065476226760957,0.0113870923205387,0.0121021305460467,0.0113135800899012,0.0,0.0,0.0
YDL232W_snR64,0.0606839464006097,0.0879628368241726,0.0899176922109426,0.0834976956744696,0.0,0.0,0.0
YDL232W_YDR016C,0.0078371074073513,0.0136864439815482,0.0141521331686671,0.0129313123937477,0.0,0.0,0.0
YDL232W_snR79,0.131172630416963,0.0,0.12899165827117,0.144828480415262,0.0,0.0,0.0
snR18_snR39,0.184635135738049,0.118016287863027,0.124896372039276,0.14927955524917,0.172049412103885,0.206599166562072,0.182845728091289
YDL061C_YDL184C,0.0427238123215504,0.0380478500187991,0.0417178156891555,0.0463564940042735,0.0,0.0,0.0
snR87_YNL145W,0.0117510938579385,0.015401039588569,0.0147298436463254,0.0,0.0,0.016058295417927,0.0
YML129C_YDL061C,0.03731843419361,0.0399145146910405,0.0455034682691643,0.0435327968075019,0.0385128763544477,0.0,0.0
YML129C_YDL184C,0.0472970184861454,0.0484824754488533,0.0494654336814441,0.0500252245994034,0.0,0.0,0.0
YML129C_snR65,0.0276266626453767,0.0,0.0285424950651428,0.0280766654693936,0.0,0.0,0.0
snR128_YJL205C,0.0176204822399627,0.0217459793639554,0.0233101407601112,0.0,0.0,0.0,0.0
snR128_snR62,0.0086010053084024,0.0109684147380519,0.0102347956761566,0.0,0.0,0.0,0.0
snR67_snR79,0.142046096788779,0.153481161110071,0.113738808557069,0.0,0.0,0.0,0.0
YKR057W_snR128,0.0212128603366672,0.0306665434863464,0.0293887979416467,0.0,0.0,0.0,0.0
snR39_YJL205C,0.0472175640933675,0.0,0.0471408572394722,0.0572780324301522,0.0,0.0,0.0
snR39_snR18,0.180879785450929,0.115364741371401,0.119495715530745,0.146133059089427,0.172256436771327,0.206356522206158,0.185452329073319
snR39_snR87,0.114000106299134,0.0758394074134836,0.0865730322154882,0.127226886310558,0.0,0.0832095258318601,0.0
snR39_YNL145W,0.0165236143264176,0.0243210318633472,0.0221027144719339,0.0,0.0,0.0397371824725087,0.0
snR39_snR60,0.0187373851619466,0.029377311181351,0.0282412618519275,0.0305936054940934,0.0,0.0,0.0
snR39_snR128,0.0766713962985261,0.0729410261761864,0.0704629442925978,0.0566971815162044,0.0,0.0,0.0
snR39_YPL047W,0.0138939379145268,0.0141735171110061,0.0138221283191907,0.0149598232710808,0.0,0.0,0.0
snR39_snR40,0.0878165387297872,0.0,0.0766187500682446,0.0879270298291444,0.0,0.0,0.0
snR39_snR38,0.026257734915843,0.0455767095598464,0.0503010759670934,0.0577359739470038,0.0,0.0251293129515171,0.0
snR39_YKR057W,0.0510274311968408,0.0583077081815276,0.0623213930394455,0.0672884110593373,0.0,0.0,0.0
snR39_YLR230W,0.0167103886567729,0.0214420627234106,0.0222678287449728,0.0216161398966191,0.0,0.0,0.0
snR39_YJL136C,0.02632230658757,0.0239086899946925,0.0231840301067375,0.0199656462893991,0.0,0.0,0.0
snR39_snR72,0.0260013455649158,0.0386812172988238,0.0398682804713792,0.0518985507113415,0.0,0.0344975832032536,0.0
snR39_snR55,0.0681433361841691,0.0,0.0426364044186228,0.074284340484101,0.0,0.0,0.0
snR39_YPL252C,0.0167289621520304,0.0161018090319056,0.0157370138421179,0.016609073958817,0.0,0.0,0.0
snR79_YDL232W,0.133760110897819,0.0,0.124883535722173,0.139416841741612,0.0,0.0,0.0
snR79_snR66,0.116881346926491,0.127121439467093,0.086495561659794,0.0385766841502353,0.0,0.0,0.0
snR79_YNL244C,0.0098249747773987,0.010113161768597,0.0107109915025701,0.0103751129419084,0.0,0.0,0.0
snR79_snR74,0.0865477697307854,0.0981441008323038,0.0725992745288737,0.0490160918777016,0.0,0.0,0.0
snR79_snR67,0.148025025395861,0.156988560288398,0.113579065711468,0.0,0.0,0.0,0.0
snR79_snR6,0.0181339540228669,0.0159735930191344,0.0222248371050637,0.0240945523512405,0.0,0.0,0.0
snR79_snR10,0.0162873175031462,0.0,0.0161552808166808,0.0210793484644508,0.0,0.0,0.0
YPR182W_YLR402W,0.0,0.0254213960024019,0.0247903142266866,0.0,0.0480847206085284,0.0385062195386234,0.0391677340573215
YDL232W_YBR082C,0.0,0.0161169809059471,0.0155900737308584,0.0143781657855504,0.0,0.0,0.0
YDL232W_YER009W,0.0,0.017361892061645,0.0172936393749929,0.0157517803309103,0.0,0.0,0.0
YDL232W_YBL001C,0.0,0.0122295402383698,0.0137342148316373,0.0125133226751064,0.0180159571477092,0.0,0.0
YDL232W_YNL145W,0.0,0.0309211048350792,0.0328190100129131,0.0294683461210179,0.0673722951377199,0.0390726220124311,0.0548290451269491
YDL232W_YDR461W,0.0,0.0314388693400267,0.0350250967339076,0.0,0.0,0.0,0.0
YDL232W_snR43,0.0,0.0118723121779281,0.0136967755263198,0.0,0.0174285471054816,0.0,0.0
YDL232W_snR55,0.0,0.0629093141305242,0.0658744246519807,0.0712384051100184,0.0604045416674476,0.0,0.0
YDL232W_snR39,0.0,0.140071609102842,0.132576915543858,0.138209287300002,0.201085369270482,0.200156495081639,0.210271642963166
YDL232W_snR39B,0.0,0.0957291288436946,0.0965100780453389,0.0,0.0,0.0,0.0
snR18_snR189,0.0,0.0200595392384404,0.0203796220496944,0.0,0.0,0.0190152075062606,0.0
snR18_YPL142C,0.0,0.0126126355949842,0.013294182719476,0.0,0.0,0.0,0.0
snR18_YJL205C,0.0,0.0361463108899717,0.0410416000234254,0.0,0.0,0.0,0.0
snR18_YPR183W,0.0,0.0156692288720819,0.0153582887621406,0.0,0.0,0.0,0.0
snR18_YGR063C,0.0,0.015225164607537,0.0161207222137151,0.0,0.0,0.0,0.0
snR18_snR69,0.0,0.0504873735667527,0.0430854383880282,0.0,0.0728889507894696,0.0811478715650294,0.0
snR18_snR161,0.0,0.0199483576132782,0.0191372342475782,0.0,0.0,0.0,0.0
snR18_snR71,0.0,0.0111923324742538,0.0164738546938123,0.0,0.0,0.0,0.0
snR18_YPL136W,0.0,0.0161174993408605,0.01566157571709,0.0,0.0,0.0,0.0
snR18_snR128,0.0,0.0661126162066134,0.0603963142073811,0.0449931013201694,0.0,0.0,0.0
snR18_YDR476C,0.0,0.0155134297383005,0.0157448108954337,0.0,0.0,0.0,0.0
snR18_YHL018W,0.0,0.015839340530727,0.015630248279313,0.0,0.0,0.0,0.0
snR18_YIR044C,0.0,0.0111419679688738,0.0127836960941563,0.0,0.0,0.0156502720078006,0.0120913999948378
snR18_snR40,0.0,0.0530725692505399,0.0661252495509532,0.0,0.0,0.0,0.0
snR18_YMR123W,0.0,0.013248815218935,0.0115048175996666,0.0,0.0,0.0,0.0
snR18_YLR388W,0.0,0.0364692140332725,0.0368514772677329,0.0,0.0,0.0,0.0
snR18_YLR264W,0.0,0.0294980076104796,0.0274293323132633,0.0,0.0,0.0,0.0
snR18_YKR057W,0.0,0.0506502117151066,0.0522569452234525,0.0,0.0,0.0,0.0
snR18_YPL251W,0.0,0.0144604598551133,0.0172942077099191,0.0,0.0,0.0,0.0
snR18_YOL005C,0.0,0.013664858406477,0.0128759698643489,0.0,0.0,0.0,0.0
snR18_YGR064W,0.0,0.0114776527797675,0.0111911070992026,0.0,0.0,0.0,0.0
snR18_YJL136C,0.0,0.0189812739951422,0.0180594470893842,0.0,0.0,0.0,0.0
snR18_YDR115W,0.0,0.0110963495956703,0.0115230965351004,0.0,0.0,0.0,0.0
snR18_YLR390W,0.0,0.0113616502312287,0.0116446661384504,0.0,0.0,0.0,0.0
snR18_YIL059C,0.0,0.0128960561848577,0.0119937214727242,0.0,0.0,0.0,0.0
snR18_snR85,0.0,0.0457622171392914,0.0378977565350857,0.0,0.0,0.0,0.0
snR18_YPL102C,0.0,0.0107459314448452,0.0108897229842119,0.0,0.0,0.0,0.0
snR18_YIL052C,0.0,0.0153361588217026,0.0138367641333383,0.0,0.0,0.0,0.0
snR18_snR62,0.0,0.0178755571489519,0.0182037759197957,0.0,0.0,0.0,0.0
snR18_YPL252C,0.0,0.0139960437551357,0.0134244199966887,0.0,0.0,0.0,0.0
YDL061C_YLR402W,0.0,0.0300451113996721,0.0295481882616921,0.0,0.0,0.0,0.0
YDL061C_YML129C,0.0,0.0395306486771839,0.0449587075900154,0.0434603643248433,0.0,0.0,0.0
YDL061C_snR75,0.0,0.0152806459020171,0.017051432926594,0.0198074224064215,0.0,0.0,0.0
YDL061C_snR13,0.0,0.0122061864292074,0.0120892456800209,0.0133279563150542,0.0,0.0,0.0
YDL061C_YLR185W,0.0,0.01307922421768,0.013160541977815,0.0,0.0,0.0,0.0
YDL061C_YGR105W,0.0,0.0126174997787317,0.0142847599403879,0.0,0.0,0.0,0.0
YDL061C_YPL271W,0.0,0.0124430030827226,0.0136016523994318,0.0,0.0,0.0,0.0
YML129C_snR77,0.0,0.0898503944315969,0.102712310450303,0.0875713676215083,0.0776464983161523,0.0,0.0
YML129C_YDR276C,0.0,0.0311279899314703,0.0316090071056147,0.0339268407238651,0.0446753513264621,0.0,0.0
snR64_YDR461W,0.0,0.0136081741008959,0.0145966924110404,0.0,0.0,0.0,0.0
snR64_snR39B,0.0,0.0484296345004903,0.0416360259369096,0.0,0.0,0.0,0.0248761046529231
snR128_snR161,0.0,0.0121213494795198,0.010932008581127,0.0,0.0,0.0,0.0
snR128_snR40,0.0,0.0312444783187255,0.0376635745559175,0.028779640385867,0.0201421498026824,0.0,0.0
snR128_YJL136C,0.0,0.0117576694508419,0.0105685248562579,0.0,0.0,0.0,0.0
snR128_snR85,0.0,0.0280668385515055,0.0219963041890591,0.0,0.0,0.0,0.0
YDL184C_snR65,0.0,0.0332193761785478,0.0309484161733348,0.0,0.0,0.0,0.0
snR58_snR87,0.0,0.0242049253576804,0.0278631120170674,0.0,0.0,0.0,0.0
snR40_YJL205C,0.0,0.0186373145365553,0.0244402345753253,0.0,0.0135043864301848,0.0162877547521919,0.0139819458693279
snR40_snR18,0.0,0.0511377522136814,0.0629662183256472,0.0,0.0354519195788949,0.0,0.0
snR40_snR69,0.0,0.0215496781501083,0.0250148974260719,0.0,0.0,0.0,0.0
snR40_snR161,0.0,0.0095585326205671,0.0115013972558534,0.0,0.0,0.0,0.0
snR40_snR128,0.0,0.0303773518812901,0.0359222218788075,0.0281988417797353,0.0198185946466653,0.0,0.0249291309230885
snR40_YDR476C,0.0,0.0086809216908593,0.010092517118097,0.0,0.0,0.0,0.0086766394551191
snR40_YLR264W,0.0,0.0156011582933785,0.0171918595849722,0.0,0.0118427321199523,0.0,0.0114956156595855
snR40_YPL251W,0.0,0.0082800562973124,0.0109007770378009,0.0,0.0,0.0,0.006733882387517
snR40_YJL136C,0.0,0.0094113207549888,0.0112922059903921,0.0,0.0,0.007404211497284,0.0067116946756959
snR40_snR85,0.0,0.0215663844446076,0.0237472146450607,0.0,0.0131422117933668,0.0168440536773192,0.0147325814404286
snR38_snR60,0.0,0.0120704131149581,0.011872538587954,0.0,0.0,0.0,0.0
snR38_snR72,0.0,0.0153135174012008,0.015561983762129,0.0,0.0,0.0,0.0
YOR302W_YBR252W,0.0,0.0099999261442956,0.0109992594916861,0.0,0.0123406966303494,0.0,0.0
YOR302W_YLR062C,0.0,0.010806711330393,0.0119974068593884,0.0,0.0137003763249898,0.0,0.0
YOR302W_YGR063C,0.0,0.0104492841363551,0.0115520876963535,0.0,0.0,0.014889737694708,0.0
YOR302W_YDL061C,0.0,0.0340381066102165,0.0396270550404834,0.0429413519988687,0.0467860797970947,0.0,0.0
YOR302W_YPL136W,0.0,0.0110431553806563,0.0116917046228844,0.0,0.0,0.0,0.0
YOR302W_snR75,0.0,0.0151070355330204,0.0183365394221421,0.0,0.0232242435969592,0.0,0.0
YOR302W_YOR146W,0.0,0.0092354173126972,0.0106569319065365,0.0,0.0,0.0,0.0
YOR302W_snR13,0.0,0.0126281510796583,0.0139841375596231,0.0155447217415155,0.0162104292525101,0.0,0.0
YOR302W_YLR185W,0.0,0.0144355406341914,0.01562754040307,0.0,0.0181267597333221,0.0,0.0
YOR302W_YMR256C,0.0,0.0110793638943793,0.0115881103833193,0.0,0.0,0.0215475685959889,0.0367902466146137
YOR302W_YGR105W,0.0,0.0130535415581787,0.0147146413310606,0.0,0.0177372916088763,0.0,0.0
YOR302W_YPL271W,0.0,0.0138616595358134,0.0155401629772961,0.0,0.0,0.0182839665699424,0.0
YKR057W_snR85,0.0,0.0216022409392481,0.0186883745938687,0.0,0.0,0.0,0.0
YJL136C_snR87,0.0,0.0119667453311455,0.0125376355576581,0.0,0.0052888373691212,0.0073058706830531,0.0054469696807208
snR39_YBR082C,0.0,0.0114094300920684,0.0107912092242189,0.0,0.0,0.0,0.0
snR39_YPR052C,0.0,0.0125778217257406,0.0132473731947623,0.0096661296086373,0.0,0.0,0.0
snR39_YPL142C,0.0,0.0154723041396507,0.016882221202009,0.017556293409639,0.0,0.0,0.0
snR39_YER009W,0.0,0.0119966293146413,0.0114330246581817,0.0,0.0,0.0,0.0
snR39_YDL232W,0.0,0.150597434331763,0.139291867679617,0.15345308464936,0.210629688473001,0.201356007988435,0.217614469654282
snR39_YJL191W,0.0,0.0128363481770946,0.0116628870262178,0.0,0.0,0.0,0.0
snR39_snR9,0.0,0.0113769695176895,0.0112504115084838,0.0,0.0,0.0,0.0
snR39_snR161,0.0,0.0221706792506034,0.0224735342932815,0.0,0.0,0.0,0.0
snR39_snR71,0.0,0.0139259994477132,0.0202284037212384,0.0190478943814806,0.0,0.0,0.0
snR39_snR58,0.0,0.0428207378872399,0.0505751880894293,0.0494920039108007,0.0,0.0,0.0
snR39_YLR388W,0.0,0.0425515986945097,0.0441053896209191,0.0465995338158411,0.0,0.0,0.0
snR39_YNL015W,0.0,0.016660881277589,0.0171787504596705,0.0158964649777947,0.0,0.0211900251140159,0.0
snR39_snR46,0.0,0.0187948272346032,0.0179411234571448,0.0142625889484498,0.0,0.0,0.0
snR39_YGR183C,0.0,0.0210046257863957,0.0227369521986036,0.0160929953705114,0.0,0.0,0.0
snR39_YOL005C,0.0,0.0160847390136512,0.0160126831514361,0.0,0.0,0.0,0.0
snR39_YDR115W,0.0,0.0137984618451293,0.0144983061537676,0.0149996506752166,0.0,0.0,0.0
snR39_YGR242W,0.0,0.0105218113862321,0.0109666976405881,0.009786648559331,0.0,0.0,0.0
snR39_snR85,0.0,0.0529226727477951,0.0471758980930348,0.0,0.0,0.0,0.0
snR39_snR62,0.0,0.0198854228252375,0.0201626105979557,0.0281376107165125,0.0,0.0,0.0
snR39B_YDR461W,0.0,0.0145484916747224,0.016287799165485,0.0,0.0,0.0,0.0
snR79_snR73,0.0,0.058082692774155,0.0485158664860029,0.0325721443691249,0.0,0.0,0.0
snR79_snR57,0.0,0.0284498405071098,0.0194106775922581,0.0,0.0,0.0,0.0
snR79_snR76,0.0,0.128086385707431,0.119986575084654,0.104958478601758,0.0993158355503312,0.0,0.0
snR79_YOL109W,0.0,0.0147286308819826,0.0104079130408831,0.0,0.0,0.0109309654517181,0.0
snR79_snR190,0.0,0.0166369422357008,0.0159984789994791,0.0201064176857718,0.0,0.0,0.0
snR79_YBR113W,0.0,0.0199257720483213,0.0192246469274879,0.0,0.0124182870473908,0.0,0.0
snR79_YML009C,0.0,0.033620510740859,0.0311573015349188,0.0,0.0,0.0,0.0
snR79_YGL041C,0.0,0.0129231614328491,0.0118653140797918,0.0116630226458953,0.0,0.0,0.0
snR79_YPR100W,0.0,0.0106315169965352,0.0112754062155063,0.0,0.009794046325071,0.0,0.0
snR79_snR53,0.0,0.0288668510196606,0.040133042961856,0.0429967322308145,0.0,-0.009737349724648,0.0
snR79_snR39B,0.0,0.0902048932730771,0.0977814438284611,0.108968812988753,0.159744331064272,0.0913431129176414,0.0501795785695324
snR79_snR4,0.0,0.0122259348437855,0.0107613885706979,0.0,0.0119691759935625,0.0,0.0
YDL232W_YOR052C,0.0,0.0,0.0115162938995183,0.0104858966968388,0.0,0.0,0.0
YDL232W_YFR003C,0.0,0.0,0.0118734417642532,0.0116995850767692,0.0,0.0,0.0
YDL232W_YPL135W,0.0,0.0,0.0105043416187692,0.0,0.0,0.0,0.0
YDL232W_snR10,0.0,0.0,0.0184820437635744,0.0,0.0,0.0,0.0
YLR402W_YPR182W,0.0,0.0,0.0251310037180021,0.0267864729131813,0.0485672383207029,0.0387224446109973,0.0
YDL061C_YPR182W,0.0,0.0,0.0288833980091539,0.0299724410113441,0.0,0.0,0.0
snR128_YPL251W,0.0,0.0,0.0100911331302632,0.0,0.0,0.0,0.0
snR58_YDL067C,0.0,0.0,0.0109333152548287,0.0,0.0068808656930412,0.0,0.0
snR38_snR58,0.0,0.0,0.016806491746111,0.0,0.0,0.0,0.0
snR24_snR59,0.0,0.0,0.0130012034565402,0.0097787743396471,0.0,0.0,0.0
snR24_YJL064W,0.0,0.0,0.0101777565419566,0.0,0.0135639939533864,0.0,0.0
snR59_snR24,0.0,0.0,0.0133608519103791,0.0,0.0,0.0,0.0
snR39_YPR183W,0.0,0.0,0.018254380513878,0.0,0.0,0.0,0.0
snR39_YCR031C,0.0,0.0,0.0149651360121252,0.0,0.0,0.0,0.0
snR39_snR69,0.0,0.0,0.0500026428989868,0.0425439096512875,0.0750620858564518,0.0813895569614457,0.0
snR39_snR64,0.0,0.0,0.0536157924458589,0.0,0.0,0.0,0.0
snR39_YDR437W,0.0,0.0,0.0100009298713792,0.0,0.0,0.0,0.0
snR39_YDR476C,0.0,0.0,0.0186445852582966,0.0,0.0,0.0,0.0
snR39_YHL018W,0.0,0.0,0.0181658696051575,0.0,0.0,0.0,0.0
snR39_YLR264W,0.0,0.0,0.0300290337447358,0.0,0.0,0.0,0.0
snR39_YPL251W,0.0,0.0,0.0219504518282847,0.0263276595754523,0.0,0.0,0.0
snR39_YAL030W,0.0,0.0,0.0112224805601107,0.0,0.0,0.0,0.0
snR39_YLR390W,0.0,0.0,0.0124727615241472,0.0126941686740035,0.0,0.0,0.0
snR39_YPR168W,0.0,0.0,0.0105337265543892,0.0,0.0,0.0,0.0
snR39_YDR510W,0.0,0.0,0.0110417889375188,0.0121375776048226,0.0,0.0,0.0
snR39_YDR471W,0.0,0.0,0.0102449056217142,0.0,0.0,0.0,0.0
snR39_YIL059C,0.0,0.0,0.0124354017246555,0.0,0.0,0.0,0.0
snR39_YLR395C,0.0,0.0,0.0156109050444739,0.0,0.0,0.0,0.0
snR39_snR78,0.0,0.0,0.0445575051350725,0.0466032422574013,0.0,0.039016538795019,0.0455609363238263
snR39_YFR033C,0.0,0.0,0.0110600762789637,0.0118919145597567,0.0,0.0,0.0
snR39_YCR046C,0.0,0.0,0.0140621031315675,0.0,0.0,0.0,0.0
snR79_snR43,0.0,0.0,0.0128832365734701,0.0147550719385014,0.0,0.0,0.0
snR79_snR51,0.0,0.0,0.0105510118791285,0.0,0.0,0.0,0.0
snR79_YIL057C,0.0,0.0,0.0132253185223767,0.0,0.0,0.0,0.0
snR79_YPR076W,0.0,0.0,0.0277341290883004,0.0,0.0,0.0,0.0
snR77_YDL061C,0.0389705899376183,0.0,0.0,0.0739668829270314,0.0,0.0,0.0
snR77_YML129C,0.0457613336028126,0.0,0.0,0.0893109182502088,0.0,0.0,0.0
snR77_YDR276C,0.0357086596937868,0.0,0.0,0.0560585820893497,0.0,0.0,0.0
snR77_YDL184C,0.0552134838661273,0.0,0.0,0.0937397120815251,0.0,0.0,0.0
YDL232W_YLR333C,0.0065476226760957,0.0113870923205387,0.0121021305460467,0.0113135800899012,0.0,0.0,0.0
YDL232W_snR64,0.0606839464006097,0.0879628368241726,0.0899176922109426,0.0834976956744696,0.0,0.0,0.0
YDL232W_YDR016C,0.0078371074073513,0.0136864439815482,0.0141521331686671,0.0129313123937477,0.0,0.0,0.0
YDL232W_snR79,0.131172630416963,0.0,0.12899165827117,0.144828480415262,0.0,0.0,0.0
snR18_snR39,0.184635135738049,0.118016287863027,0.124896372039276,0.14927955524917,0.172049412103885,0.206599166562072,0.182845728091289
YLR402W_YLR185W,0.0138361884639273,0.0120392571437617,0.0106802780448276,0.0107383402728531,0.0130468802714867,0.0,0.0
YLR402W_snR65,0.0221566749537919,0.0202617734896001,0.0173292388554262,0.0187861575572764,0.0,0.0,0.0
snR87_snR39,0.112180092727721,0.0732924350131979,0.0840484039471606,0.126625258445613,0.0,0.0831764879741309,0.0
YML129C_YDL061C,0.03731843419361,0.0399145146910405,0.0455034682691643,0.0435327968075019,0.0385128763544477,0.0,0.0
YML129C_YDL184C,0.0472970184861454,0.0484824754488533,0.0494654336814441,0.0500252245994034,0.0,0.0,0.0
YML129C_snR65,0.0276266626453767,0.0,0.0285424950651428,0.0280766654693936,0.0,0.0,0.0
snR128_snR18,0.0624366180866404,0.0656629943208209,0.0607083075589074,0.0460950281305343,0.0,0.0,-0.0450164798604231
snR39_YIL008W,0.0099353154405228,0.0095107161651511,0.0098240029134627,0.012581692360381,0.0,0.0125285536704189,0.0
snR39_YJL205C,0.0472175640933675,0.0,0.0471408572394722,0.0572780324301522,0.0,0.0,0.0
snR39_snR18,0.180879785450929,0.115364741371401,0.119495715530745,0.146133059089427,0.172256436771327,0.206356522206158,0.185452329073319
snR39_snR87,0.114000106299134,0.0758394074134836,0.0865730322154882,0.127226886310558,0.0,0.0832095258318601,0.0
snR39_snR60,0.0187373851619466,0.029377311181351,0.0282412618519275,0.0305936054940934,0.0,0.0,0.0
snR39_snR128,0.0766713962985261,0.0729410261761864,0.0704629442925978,0.0566971815162044,0.0,0.0,0.0
snR39_YPL047W,0.0138939379145268,0.0141735171110061,0.0138221283191907,0.0149598232710808,0.0,0.0,0.0
snR39_snR40,0.0878165387297872,0.0,0.0766187500682446,0.0879270298291444,0.0,0.0,0.0
snR39_snR38,0.026257734915843,0.0455767095598464,0.0503010759670934,0.0577359739470038,0.0,0.0251293129515171,0.0
snR39_YOR302W,0.0869469222584387,0.0,0.0,0.0782210209629591,0.0,0.0,0.0
snR39_YKR057W,0.0510274311968408,0.0583077081815276,0.0623213930394455,0.0672884110593373,0.0,0.0,0.0
snR39_YDL067C,0.0606729878375622,0.0,0.0,0.0341771933288497,0.0,0.0,0.0
snR39_YLR230W,0.0167103886567729,0.0214420627234106,0.0222678287449728,0.0216161398966191,0.0,0.0,0.0
snR39_YJL136C,0.02632230658757,0.0239086899946925,0.0231840301067375,0.0199656462893991,0.0,0.0,0.0
snR39_snR72,0.0260013455649158,0.0386812172988238,0.0398682804713792,0.0518985507113415,0.0,0.0344975832032536,0.0
snR39_snR55,0.0681433361841691,0.0,0.0426364044186228,0.074284340484101,0.0,0.0,0.0
snR39_snR59,-0.107466459885162,0.0,0.0,0.036131664103737,0.0,0.0659624031161528,0.0
snR39_YPL252C,0.0167289621520304,0.0161018090319056,0.0157370138421179,0.016609073958817,0.0,0.0,0.0
snR79_YDL232W,0.133760110897819,0.0,0.124883535722173,0.139416841741612,0.0,0.0,0.0
snR79_snR66,0.116881346926491,0.127121439467093,0.086495561659794,0.0385766841502353,0.0,0.0,0.0
snR79_YNL244C,0.0098249747773987,0.010113161768597,0.0107109915025701,0.0103751129419084,0.0,0.0,0.0
snR79_snR74,0.0865477697307854,0.0981441008323038,0.0725992745288737,0.0490160918777016,0.0,0.0,0.0
snR79_snR6,0.0181339540228669,0.0159735930191344,0.0222248371050637,0.0240945523512405,0.0,0.0,0.0
snR79_snR10,0.0162873175031462,0.0,0.0161552808166808,0.0210793484644508,0.0,0.0,0.0
YPR182W_YLR185W,0.0,0.0101644993124645,0.0108334262624843,0.0112717549011719,0.0131720082981486,0.0,0.0
YPR182W_YPL271W,0.0,0.0107663822784136,0.011001544449942,0.0108872689804068,0.0171645645571737,0.0126103565675934,0.0126762436508196
YDL232W_YBR082C,0.0,0.0161169809059471,0.0155900737308584,0.0143781657855504,0.0,0.0,0.0
YDL232W_YER009W,0.0,0.017361892061645,0.0172936393749929,0.0157517803309103,0.0,0.0,0.0
YDL232W_YBL001C,0.0,0.0122295402383698,0.0137342148316373,0.0125133226751064,0.0180159571477092,0.0,0.0
YDL232W_YNL145W,0.0,0.0309211048350792,0.0328190100129131,0.0294683461210179,0.0673722951377199,0.0390726220124311,0.0548290451269491
YDL232W_YDL067C,0.0,0.0446146228256745,0.0,0.0442424048506057,0.0,0.0,0.0
YDL232W_snR55,0.0,0.0629093141305242,0.0658744246519807,0.0712384051100184,0.0604045416674476,0.0,0.0
YDL232W_snR39,0.0,0.140071609102842,0.132576915543858,0.138209287300002,0.201085369270482,0.200156495081639,0.210271642963166
snR18_snR128,0.0,0.0661126162066134,0.0603963142073811,0.0449931013201694,0.0,0.0,0.0
YLR402W_YDR193W,0.0,0.0078113363242623,0.0,0.0100105455719709,0.0110264211606082,0.0,0.0
YLR402W_YPL271W,0.0,0.0116454880031751,0.0110944193066218,0.010197048738468,0.0183498700725971,0.0163773542197409,0.0
YDL061C_snR75,0.0,0.0152806459020171,0.017051432926594,0.0198074224064215,0.0,0.0,0.0
YDL061C_snR13,0.0,0.0122061864292074,0.0120892456800209,0.0133279563150542,0.0,0.0,0.0
YML129C_YDR276C,0.0,0.0311279899314703,0.0316090071056147,0.0339268407238651,0.0446753513264621,0.0,0.0
YML129C_YGR105W,0.0,0.0164286637971753,0.0,0.0162337279602075,0.0148973085189636,0.0,0.0
YDR276C_snR75,0.0,0.011716100476568,0.0136166624434293,0.0138095178607639,0.0,0.0,0.0
snR128_snR69,0.0,0.0308596126651526,0.0245234040680611,0.0145753697196562,0.0,0.0,0.0
snR128_snR40,0.0,0.0312444783187255,0.0376635745559175,0.028779640385867,0.0201421498026824,0.0,0.0
snR40_snR128,0.0,0.0303773518812901,0.0359222218788075,0.0281988417797353,0.0198185946466653,0.0,0.0249291309230885
YOR302W_snR18,0.0,0.0527629471816014,0.0567407115743157,0.0727697098377392,0.0,0.0,-0.0848759732831223
YOR302W_snR13,0.0,0.0126281510796583,0.0139841375596231,0.0155447217415155,0.0162104292525101,0.0,0.0
YOR302W_YIL052C,0.0,0.0090028486336626,0.0099439188856755,0.0106591082115332,0.0107066118968507,0.0,0.0
snR39_YPL142C,0.0,0.0154723041396507,0.016882221202009,0.017556293409639,0.0,0.0,0.0
snR39_YDL232W,0.0,0.150597434331763,0.139291867679617,0.15345308464936,0.210629688473001,0.201356007988435,0.217614469654282
snR39_snR71,0.0,0.0139259994477132,0.0202284037212384,0.0190478943814806,0.0,0.0,0.0
snR39_snR58,0.0,0.0428207378872399,0.0505751880894293,0.0494920039108007,0.0,0.0,0.0
snR39_YLR388W,0.0,0.0425515986945097,0.0441053896209191,0.0465995338158411,0.0,0.0,0.0
snR39_YNL015W,0.0,0.016660881277589,0.0171787504596705,0.0158964649777947,0.0,0.0211900251140159,0.0
snR39_snR46,0.0,0.0187948272346032,0.0179411234571448,0.0142625889484498,0.0,0.0,0.0
snR39_YGR183C,0.0,0.0210046257863957,0.0227369521986036,0.0160929953705114,0.0,0.0,0.0
snR39_YDR115W,0.0,0.0137984618451293,0.0144983061537676,0.0149996506752166,0.0,0.0,0.0
snR39_snR62,0.0,0.0198854228252375,0.0201626105979557,0.0281376107165125,0.0,0.0,0.0
snR39B_snR79,0.0,0.0862169176856823,0.0978136215160315,0.103115690505646,0.159208523324648,0.0919391979265665,0.0533273369382538
snR79_snR73,0.0,0.058082692774155,0.0485158664860029,0.0325721443691249,0.0,0.0,0.0
snR79_snR76,0.0,0.128086385707431,0.119986575084654,0.104958478601758,0.0993158355503312,0.0,0.0
snR79_snR190,0.0,0.0166369422357008,0.0159984789994791,0.0201064176857718,0.0,0.0,0.0
snR79_YGL041C,0.0,0.0129231614328491,0.0118653140797918,0.0116630226458953,0.0,0.0,0.0
snR79_snR53,0.0,0.0288668510196606,0.040133042961856,0.0429967322308145,0.0,-0.009737349724648,0.0
snR79_snR39B,0.0,0.0902048932730771,0.0977814438284611,0.108968812988753,0.159744331064272,0.0913431129176414,0.0501795785695324
YDL232W_YOR052C,0.0,0.0,0.0115162938995183,0.0104858966968388,0.0,0.0,0.0
YDL232W_YFR003C,0.0,0.0,0.0118734417642532,0.0116995850767692,0.0,0.0,0.0
YLR402W_YPR182W,0.0,0.0,0.0251310037180021,0.0267864729131813,0.0485672383207029,0.0387224446109973,0.0
YDL061C_YPR182W,0.0,0.0,0.0288833980091539,0.0299724410113441,0.0,0.0,0.0
snR64_YNL145W,0.0,0.0,0.0132673976056387,0.0128539481995027,0.0,0.0,0.0
YDL184C_snR77,0.0,0.0,0.0836020545719248,0.0919133248295966,0.0,0.0,0.0
snR58_snR55,0.0,0.0,0.0150485996034126,0.0200786784215359,0.0,0.0,0.0
snR39_YFR003C,0.0,0.0,0.0088537166391225,0.0105300637616575,0.0,0.0,0.0
snR39_snR69,0.0,0.0,0.0500026428989868,0.0425439096512875,0.0750620858564518,0.0813895569614457,0.0
snR39_YPL251W,0.0,0.0,0.0219504518282847,0.0263276595754523,0.0,0.0,0.0
snR39_YLR390W,0.0,0.0,0.0124727615241472,0.0126941686740035,0.0,0.0,0.0
snR39_YDR510W,0.0,0.0,0.0110417889375188,0.0121375776048226,0.0,0.0,0.0
snR39_snR78,0.0,0.0,0.0445575051350725,0.0466032422574013,0.0,0.039016538795019,0.0455609363238263
snR39_YFR033C,0.0,0.0,0.0110600762789637,0.0118919145597567,0.0,0.0,0.0
snR79_YPL135W,0.0,0.0,0.0093524250191734,0.0121633455011053,0.0112906852914238,0.0,0.0
snR79_snR43,0.0,0.0,0.0128832365734701,0.0147550719385014,0.0,0.0,0.0
snR77_snR73,0.0,0.0,0.0,-0.0258421148798379,0.0,0.0,0.0
snR77_snR54,0.0,0.0,0.0,-0.0285813315525455,0.0,0.0,0.0
snR77_snR74,0.0,0.0,0.0,-0.0387323573140743,0.0,0.0,-0.0071566102590915
YDL232W_YPR052C,0.0,0.0,0.0,0.0120249950034137,0.0,0.0,0.0
YDL232W_snR73,0.0,0.0,0.0,0.0307602087372067,0.0336780148121082,0.0,0.0
YDL232W_snR66,0.0,0.0,0.0,0.036096194937443,0.0579886597354319,0.0,0.0
YDL232W_snR74,0.0,0.0,0.0,0.0438690085638085,0.0640019735402592,0.0271234886350127,0.0306461258404111
YDL232W_snR67,0.0,0.0,0.0,0.079757428809371,0.107934426134439,0.0,0.0
YDL232W_YNL015W,0.0,0.0,0.0,0.0158378923589214,0.0255667406399089,0.0211584117427657,0.0334974096608712
YDL232W_YLR230W,0.0,0.0,0.0,0.0209334505737529,0.0,0.0,0.0
YDL232W_snR46,0.0,0.0,0.0,0.0161759932416543,0.0264962514027303,0.0,0.0
snR18_YOR302W,0.0,0.0,0.0,0.0721583147479671,0.0,0.0,0.0
YLR402W_YJL064W,0.0,0.0,0.0,0.0145977257713969,0.0178560431554332,0.0,0.0
YLR402W_YLR204W,0.0,0.0,0.0,0.0121159306758498,0.0167654704344959,0.0,0.0
snR76_snR189,0.0,0.0,0.0,-0.0129044481858298,0.0,0.0,0.0
snR76_snR6,0.0,0.0,0.0,0.0115104336298535,0.0,0.0,0.0
snR76_snR53,0.0,0.0,0.0,0.0198419877530238,0.0,0.0,0.0
YML129C_YOR146W,0.0,0.0,0.0,0.0110291229546327,0.0,0.0,0.0044010549442395
YDL184C_snR74,0.0,0.0,0.0,-0.0259915367393635,0.0,0.0,0.0
YOR302W_snR189,0.0,0.0,0.0,0.0125924741191283,0.0,0.0,0.0
YOR302W_snR69,0.0,0.0,0.0,0.0234190122436081,0.0,0.0,0.0
snR24_snR85,0.0,0.0,0.0,0.0100810017579095,0.0,0.0,0.0
snR50_snR8,0.0,0.0,0.0,0.0112236068353348,0.0,0.0,0.0
snR55_snR60,0.0,0.0,0.0,0.0141139530072447,0.0,0.0,0.0
snR59_snR40,0.0,0.0,0.0,0.0182188894965349,0.0141752889724109,0.0,0.0
snR39_snR189,0.0,0.0,0.0,0.0217788753393513,0.0,0.0188676750779103,0.0
snR39_snR76,0.0,0.0,0.0,-0.0727047293957237,0.0,0.0,0.0
snR39_YNL153C,0.0,0.0,0.0,0.0136406193315715,0.0,0.0,0.0
snR39_YIR044C,0.0,0.0,0.0,0.0160017667192174,0.0,0.0145801442868895,0.0098932231689206
snR39_YOR282W,0.0,0.0,0.0,0.012562023026235,0.0,0.0,0.0
snR39_snR67,0.0,0.0,0.0,0.0658174071227892,0.0,0.0,0.0
snR39B_snR66,0.0,0.0,0.0,0.0180370895329233,0.0,0.0,0.0
snR79_YDR461W,0.0,0.0,0.0,0.0398793083424063,0.0457160322482327,0.0321480988842879,0.0332694908272418
YPR182W_YOL039W,0.0105403114178809,0.0073675677627294,0.0,0.0,0.0107999820877728,0.0074233655434346,0.0072068998627449
snR18_snR39,0.184635135738049,0.118016287863027,0.124896372039276,0.14927955524917,0.172049412103885,0.206599166562072,0.182845728091289
YLR402W_YGR063C,0.0090765098764815,0.0083347813327482,0.0074534028341296,0.0,0.0169030266348217,0.0134599119618231,0.0157247179284897
YLR402W_YPL098C,0.0094452030838446,0.0094196170492595,0.0,0.0,0.0126655071047437,0.0,0.0
YLR402W_YML129C,0.0342012474142006,0.0353604301070437,0.0339679351832532,0.0396645116143525,0.0411650543620488,0.0,0.0
YLR402W_YDR276C,0.0245355727094031,0.0232559428746157,0.0214773483802264,0.0226275328800516,0.0503145130691003,0.034074599043876,0.0393906583442839
YLR402W_snR161,0.0080926477512966,0.0,0.0,0.0,0.0107211020383276,0.0,0.0
YLR402W_YPL136W,0.0100115750818757,0.0089214349057292,0.007632708678627,0.0,0.0115478791812493,0.0,0.0
YLR402W_snR128,0.0252811841171665,0.0,0.0,0.0,0.032872413653714,0.0366560953511731,0.0513489936786739
YDL061C_snR62,0.0094539543894656,0.0,0.0,0.0,0.0102494652469315,0.0,0.0
snR76_snR54,0.014116846525044,0.0,0.0,0.0,0.0195755987043152,0.0,0.0
YML129C_YDL061C,0.03731843419361,0.0399145146910405,0.0455034682691643,0.0435327968075019,0.0385128763544477,0.0,0.0
YML129C_YLR185W,0.0164518152162321,0.0,0.0,0.0,0.0151644243784537,0.0,0.005433854893813
YDR276C_YLR402W,0.0246125312937861,0.0229119493202243,0.0,0.0,0.0497569522138966,0.033813344873988,0.0389626625035502
YDR276C_YML129C,0.0273142092487234,0.0307028890788634,0.0,0.0326986265687036,0.0433366113127105,0.0,0.0
snR40_YDL067C,0.0256308044564759,0.0155952156551018,0.0,0.0,0.0121489592005011,0.0,0.0
snR39_snR18,0.180879785450929,0.115364741371401,0.119495715530745,0.146133059089427,0.172256436771327,0.206356522206158,0.185452329073319
snR39_snR70,0.012240323204738,0.0,0.0,0.0,0.015140303282789,0.011712338714517,0.0
snR79_snR64,0.114715444075777,0.0856313720882962,0.0,0.0,0.0797507690257347,0.0,0.0
YPR182W_YLR402W,0.0,0.0254213960024019,0.0247903142266866,0.0,0.0480847206085284,0.0385062195386234,0.0391677340573215
YPR182W_YPL136W,0.0,0.0076684569979879,0.0079792738795674,0.0079953286362293,0.0109591521194412,0.0,0.0076919906291249
YPR182W_YDR193W,0.0,0.0076448128018335,0.0,0.0,0.0102153823065822,0.0068299247008706,0.0068415831397792
YPR182W_YOR146W,0.0,0.0072873114605545,0.0075678637208784,0.0078830417842429,0.0135652506758374,0.0,0.0070689331619707
YPR182W_YJR034W,0.0,0.0078405257459411,0.0078645859271122,0.0079713635692813,0.0116865138399791,0.0,0.0088218137908404
YPR182W_YPL271W,0.0,0.0107663822784136,0.011001544449942,0.0108872689804068,0.0171645645571737,0.0126103565675934,0.0126762436508196
YDL232W_snR87,0.0,0.102190293367814,0.0,0.0,0.0905859307488944,0.087906925031628,0.0744374054354003
YDL232W_YBL001C,0.0,0.0122295402383698,0.0137342148316373,0.0125133226751064,0.0180159571477092,0.0,0.0
YDL232W_YNL145W,0.0,0.0309211048350792,0.0328190100129131,0.0294683461210179,0.0673722951377199,0.0390726220124311,0.0548290451269491
YDL232W_snR43,0.0,0.0118723121779281,0.0136967755263198,0.0,0.0174285471054816,0.0,0.0
YDL232W_snR55,0.0,0.0629093141305242,0.0658744246519807,0.0712384051100184,0.0604045416674476,0.0,0.0
YDL232W_snR39,0.0,0.140071609102842,0.132576915543858,0.138209287300002,0.201085369270482,0.200156495081639,0.210271642963166
snR18_YIL008W,0.0,0.0065581477816468,0.0,0.0,0.0103022203600215,0.0120998136749487,0.0
snR18_snR69,0.0,0.0504873735667527,0.0430854383880282,0.0,0.0728889507894696,0.0811478715650294,0.0
snR18_YOR167C,0.0,0.0173316046852985,0.0,0.0,0.0283896948202344,0.0,0.0
YLR402W_YDR193W,0.0,0.0078113363242623,0.0,0.0100105455719709,0.0110264211606082,0.0,0.0
YLR402W_YGL030W,0.0,0.0071119089758989,0.0068916449760826,0.0076350751535182,0.0100022788449673,0.0,0.0
YLR402W_YOR302W,0.0,0.0346088921099838,0.0354275048378714,0.0,0.0489449818000944,0.0597665270787718,0.0902347211850379
YLR402W_YOR146W,0.0,0.0077984293899626,0.0076990152022438,0.0076636633140842,0.0150964198793861,0.0,0.0
YLR402W_YJR034W,0.0,0.0082568784714276,0.0078364950896426,0.0,0.0125655835852768,0.0,0.0
YLR402W_YER058W,0.0,0.0064222844745773,0.006172667816391,0.0073899499212537,0.0107528902305931,0.0088278192240043,0.0103167200930371
YLR402W_YMR256C,0.0,0.008990198181145,0.0080068461239061,0.0093312106735875,0.0189616734258748,0.0199654805221785,0.024404551851982
YLR402W_YJR085C,0.0,0.0087939472582117,0.0,0.0099405726493153,0.0176935934400576,0.0173319306016629,0.0214968069458935
YLR402W_YPL271W,0.0,0.0116454880031751,0.0110944193066218,0.010197048738468,0.0183498700725971,0.0163773542197409,0.0
YML129C_YDR276C,0.0,0.0311279899314703,0.0316090071056147,0.0339268407238651,0.0446753513264621,0.0,0.0
YML129C_YGR105W,0.0,0.0164286637971753,0.0,0.0162337279602075,0.0148973085189636,0.0,0.0
snR128_snR40,0.0,0.0312444783187255,0.0376635745559175,0.028779640385867,0.0201421498026824,0.0,0.0
snR128_YLR264W,0.0,0.0175815721384262,0.0,0.0,0.0103847375743437,0.0,0.0
snR40_YJL205C,0.0,0.0186373145365553,0.0244402345753253,0.0,0.0135043864301848,0.0162877547521919,0.0139819458693279
snR40_snR128,0.0,0.0303773518812901,0.0359222218788075,0.0281988417797353,0.0198185946466653,0.0,0.0249291309230885
snR40_YLR388W,0.0,0.0167218214200142,0.0214559394238165,0.0,0.010522966435472,0.0,0.0
snR40_YLR264W,0.0,0.0156011582933785,0.0171918595849722,0.0,0.0118427321199523,0.0,0.0114956156595855
snR40_YKR057W,0.0,0.0235183682360388,0.0304846200329935,0.0,0.0151143795152291,0.0162467199960852,0.0131801860407976
snR40_snR85,0.0,0.0215663844446076,0.0237472146450607,0.0,0.0131422117933668,0.0168440536773192,0.0147325814404286
YOR302W_YPR182W,0.0,0.0326517832375277,0.0,0.0,0.046440460735094,0.0438215685281605,0.0
YOR302W_YBR252W,0.0,0.0099999261442956,0.0109992594916861,0.0,0.0123406966303494,0.0,0.0
YOR302W_YLR062C,0.0,0.010806711330393,0.0119974068593884,0.0,0.0137003763249898,0.0,0.0
YOR302W_YLR402W,0.0,0.0332945398629484,0.0,0.0,0.0452527828409737,0.0575609766723421,0.0896657244288589
YOR302W_YDL061C,0.0,0.0340381066102165,0.0396270550404834,0.0429413519988687,0.0467860797970947,0.0,0.0
YOR302W_YDR276C,0.0,0.0258536672102677,0.0298020184197206,0.0,0.0446975421278226,0.0371996196451514,0.0
YOR302W_snR75,0.0,0.0151070355330204,0.0183365394221421,0.0,0.0232242435969592,0.0,0.0
YOR302W_snR13,0.0,0.0126281510796583,0.0139841375596231,0.0155447217415155,0.0162104292525101,0.0,0.0
YOR302W_YLR185W,0.0,0.0144355406341914,0.01562754040307,0.0,0.0181267597333221,0.0,0.0
YOR302W_YIL052C,0.0,0.0090028486336626,0.0099439188856755,0.0106591082115332,0.0107066118968507,0.0,0.0
YOR302W_YGR105W,0.0,0.0130535415581787,0.0147146413310606,0.0,0.0177372916088763,0.0,0.0
YOR302W_YNL190W,0.0,0.0074283473976279,0.0084938853889699,0.0,0.0100555121657638,0.0,0.0
snR39_YDL232W,0.0,0.150597434331763,0.139291867679617,0.15345308464936,0.210629688473001,0.201356007988435,0.217614469654282
snR39B_snR79,0.0,0.0862169176856823,0.0978136215160315,0.103115690505646,0.159208523324648,0.0919391979265665,0.0533273369382538
snR79_snR76,0.0,0.128086385707431,0.119986575084654,0.104958478601758,0.0993158355503312,0.0,0.0
snR79_YBR113W,0.0,0.0199257720483213,0.0192246469274879,0.0,0.0124182870473908,0.0,0.0
snR79_snR39B,0.0,0.0902048932730771,0.0977814438284611,0.108968812988753,0.159744331064272,0.0913431129176414,0.0501795785695324
snR79_snR4,0.0,0.0122259348437855,0.0107613885706979,0.0,0.0119691759935625,0.0,0.0
YLR402W_YPR182W,0.0,0.0,0.0251310037180021,0.0267864729131813,0.0485672383207029,0.0387224446109973,0.0
snR24_YML058W,0.0,0.0,0.0039798618884021,0.0,0.0123906624825137,0.0,0.0
snR24_snR57,0.0,0.0,0.0036915377470312,0.0,0.0101652449847441,0.0,0.0
snR24_YLR110C,0.0,0.0,0.0070028159155319,0.0,0.0140166417246918,0.0,0.0
snR24_YMR002W,0.0,0.0,0.0097202387410159,0.0081197579726824,0.0184632468063223,0.0,0.0
snR24_YPL037C,0.0,0.0,0.0074998437312854,0.0,0.011395822126683,0.0,0.0
snR24_YGR236C,0.0,0.0,0.0048464584297849,0.0,0.0156110087453457,0.0,0.0
snR24_YDR210W,0.0,0.0,0.0059373073730281,0.0,0.0184087931692084,0.0,0.0
snR24_YDL181W,0.0,0.0,0.0061192928906355,0.0,0.0108813459696095,0.0,0.0
snR24_YBR016W,0.0,0.0,0.0073307662938161,0.0060133550846165,0.0152529557583043,0.0,0.0
snR24_YDR482C,0.0,0.0,0.0076343176223654,0.0,0.0109115283707929,0.0,0.0
snR24_snR8,0.0,0.0,0.0089545351751793,0.0,0.0170531619669326,0.0,0.0
snR24_YJR114W,0.0,0.0,0.0057852363827634,0.0057257592238641,0.0167772543183856,0.0,0.0
snR24_YDR377W,0.0,0.0,0.0045512477195225,0.0,0.010909862063719,0.0,0.0
snR24_YJR085C,0.0,0.0,0.0056866177792425,0.0,0.0136729377288181,0.0,0.0
snR24_YJL064W,0.0,0.0,0.0101777565419566,0.0,0.0135639939533864,0.0,0.0
snR24_YLR204W,0.0,0.0,0.0085389780609248,0.0063737207333849,0.0126863513010939,0.0,0.0
snR39_snR69,0.0,0.0,0.0500026428989868,0.0425439096512875,0.0750620858564518,0.0813895569614457,0.0
snR79_YPL135W,0.0,0.0,0.0093524250191734,0.0121633455011053,0.0112906852914238,0.0,0.0
YDL232W_snR73,0.0,0.0,0.0,0.0307602087372067,0.0336780148121082,0.0,0.0
YDL232W_snR66,0.0,0.0,0.0,0.036096194937443,0.0579886597354319,0.0,0.0
YDL232W_YNL244C,0.0,0.0,0.0,0.0087902736613809,0.0148759429380801,0.0,0.0
YDL232W_snR74,0.0,0.0,0.0,0.0438690085638085,0.0640019735402592,0.0271234886350127,0.0306461258404111
YDL232W_snR67,0.0,0.0,0.0,0.079757428809371,0.107934426134439,0.0,0.0
YDL232W_YNL015W,0.0,0.0,0.0,0.0158378923589214,0.0255667406399089,0.0211584117427657,0.0334974096608712
YDL232W_snR46,0.0,0.0,0.0,0.0161759932416543,0.0264962514027303,0.0,0.0
YDL232W_snR36,0.0,0.0,0.0,0.0099347429718441,0.0144129045328213,0.0,0.0
YLR402W_YDR134C,0.0,0.0,0.0,0.0057348362420736,0.0101832264872634,0.0,0.0
YLR402W_YDR139C,0.0,0.0,0.0,0.0062994587742799,0.010591681610852,0.0,0.0
YLR402W_YOL039W,0.0,0.0,0.0,0.0093733335459204,0.0118255377456016,0.0097430402637434,0.0
YLR402W_YJL064W,0.0,0.0,0.0,0.0145977257713969,0.0178560431554332,0.0,0.0
YLR402W_YLR204W,0.0,0.0,0.0,0.0121159306758498,0.0167654704344959,0.0,0.0
YLR402W_YAL044C,0.0,0.0,0.0,0.0077110038710312,0.0101631277037098,0.0,0.0
snR24_YGR063C,0.0,0.0,0.0,0.004248591917502,0.0126392267850175,0.0,0.0
snR24_snR128,0.0,0.0,0.0,0.0124651999736904,0.0252064480605772,0.0,0.0
snR24_YDR476C,0.0,0.0,0.0,0.0047344588762089,0.0110981123819407,0.0,0.0
snR24_snR81,0.0,0.0,0.0,0.0074731556771151,0.0115834264964267,0.0,0.0
snR24_YOR146W,0.0,0.0,0.0,0.0039620288079043,0.0110914994813785,0.0,0.0
snR24_YMR256C,0.0,0.0,0.0,0.0053408856362018,0.0147004642323465,0.0,0.0
snR24_YPL271W,0.0,0.0,0.0,0.0058480264045481,0.0132772838894294,0.0,0.0
snR79_YDR461W,0.0,0.0,0.0,0.0398793083424063,0.0457160322482327,0.0321480988842879,0.0332694908272418
YDL232W_RNA170,0.0,0.0,0.0,0.0,0.0296457291347289,0.0,0.0
YDL232W_snR61,0.0,0.0,0.0,0.0,0.014152120354543,0.0,0.0
YDL232W_YIL008W,0.0,0.0,0.0,0.0,0.0160707533144564,0.013164071495201,0.0140921158200834
YDL232W_snR18,0.0,0.0,0.0,0.0,0.170980172649272,0.197701933450775,0.257393808084089
YDL232W_snR56,0.0,0.0,0.0,0.0,0.0155715472532216,0.0099492553569116,0.0090196176013187
YDL232W_snR69,0.0,0.0,0.0,0.0,0.0839455947339679,0.0818217533486746,0.0938109761384995
YDL232W_YDR276C,0.0,0.0,0.0,0.0,-0.082663035753538,0.0,0.0
YDL232W_YBL073W,0.0,0.0,0.0,0.0,0.0124123353704098,0.0123157592291436,0.0135041753735212
YDL232W_YML012W,0.0,0.0,0.0,0.0,0.0165729466705891,0.0,0.0
YDL232W_YOR282W,0.0,0.0,0.0,0.0,0.0189092405433019,0.0,0.0
YDL232W_snR38,0.0,0.0,0.0,0.0,0.0250107505435191,0.0265421447140571,0.0424922740124241
YDL232W_YGL041C,0.0,0.0,0.0,0.0,0.0136176456921386,0.0,0.0
YDL232W_snR6,0.0,0.0,0.0,0.0,0.0382283524785127,0.0168647156540677,0.0
YDL232W_snR72,0.0,0.0,0.0,0.0,0.0483420260671081,0.0326859415244401,0.0341850513128916
YDL232W_snR70,0.0,0.0,0.0,0.0,0.0186292304800039,0.0126522830489038,0.0
YDL232W_snR53,0.0,0.0,0.0,0.0,0.052001239347363,0.0,0.0
YDL232W_snR78,0.0,0.0,0.0,0.0,0.0451285984912987,0.0366978862449934,0.0626436218620941
YDL232W_snR14,0.0,0.0,0.0,0.0,0.0271256013606049,0.0,0.0
snR18_snR61,0.0,0.0,0.0,0.0,0.0105344255545479,0.0,0.0
snR18_YDL232W,0.0,0.0,0.0,0.0,0.175152757257781,0.198742442901678,0.262718758182356
snR18_snR56,0.0,0.0,0.0,0.0,0.0100831881845695,0.0110226518626875,0.0
snR18_snR87,0.0,0.0,0.0,0.0,0.0608150639615176,0.0,0.0
snR18_YOR282W,0.0,0.0,0.0,0.0,0.0129680871327017,0.0,0.0
snR18_YLL009C,0.0,0.0,0.0,0.0,0.0174932293712829,0.0178112080387802,0.0
snR18_snR70,0.0,0.0,0.0,0.0,0.0142729997788021,0.0,0.0
snR18_snR59,0.0,0.0,0.0,0.0,0.0376868301747198,0.0655033166741889,0.0
snR18_snR78,0.0,0.0,0.0,0.0,0.0300517235848933,0.0420103946224826,0.0
YLR402W_YDR511W,0.0,0.0,0.0,0.0,0.0104861162067136,0.0100157336113256,0.0
YLR402W_YML058W,0.0,0.0,0.0,0.0,0.015367223386864,0.0142444652638966,0.0
YLR402W_YLR110C,0.0,0.0,0.0,0.0,0.0177351562844935,0.0157892985963407,0.0156467431820639
YLR402W_YOR210W,0.0,0.0,0.0,0.0,0.0116395564425094,0.0,0.0
YLR402W_snR71,0.0,0.0,0.0,0.0,0.0202293880718997,0.0,0.0
YLR402W_YMR002W,0.0,0.0,0.0,0.0,0.0236540673205855,0.021180531191271,0.023572531983412
YLR402W_YDR476C,0.0,0.0,0.0,0.0,0.0140274235544911,0.0,0.0
YLR402W_YDL012C,0.0,0.0,0.0,0.0,0.0122412335313687,0.0,0.0
YLR402W_YPL037C,0.0,0.0,0.0,0.0,0.0143633483051157,0.0136330285231731,0.0
YLR402W_YGR236C,0.0,0.0,0.0,0.0,0.0196323495466805,0.0180961313823357,0.0
YLR402W_snR24,0.0,0.0,0.0,0.0,0.0446400254712893,0.0,0.0
YLR402W_YFR049W,0.0,0.0,0.0,0.0,0.0119691687002573,0.0,0.0
YLR402W_YGL106W,0.0,0.0,0.0,0.0,0.0128132926194132,0.0,0.0
YLR402W_YBR016W,0.0,0.0,0.0,0.0,0.0194631105623284,0.0171862107718352,0.0
YLR402W_YDR482C,0.0,0.0,0.0,0.0,0.0138161899727483,0.0,0.0
YLR402W_YMR174C,0.0,0.0,0.0,0.0,0.0118906089241576,0.0,0.0
YLR402W_YJR114W,0.0,0.0,0.0,0.0,0.0213365596737357,0.0190522648332213,0.0204615224796734
YLR402W_YNR042W,0.0,0.0,0.0,0.0,0.0120073050126268,0.0116531499997541,0.0134942274979606
YLR402W_YDL032W,0.0,0.0,0.0,0.0,0.0113232401306251,0.0100474165916618,0.0
YLR402W_YJR020W,0.0,0.0,0.0,0.0,0.0128153989674122,0.0,0.0
snR76_snR39B,0.0,0.0,0.0,0.0,0.0747827833529662,0.0,0.0
YML129C_YPR182W,0.0,0.0,0.0,0.0,0.0411403787344733,0.0,0.0163071985527851
YML129C_snR75,0.0,0.0,0.0,0.0,0.0215004397392669,0.0,0.0
YML129C_YOR302W,0.0,0.0,0.0,0.0,0.0561008579121491,0.0276060736604622,0.027362405172024
YML129C_snR13,0.0,0.0,0.0,0.0,0.0136655479591643,0.0,0.0
YDR276C_YPR182W,0.0,0.0,0.0,0.0,0.0437378944362874,0.0250177625516884,0.0251620482983656
YDR276C_snR74,0.0,0.0,0.0,0.0,-0.0204851050211947,0.0,0.0
YDR276C_snR53,0.0,0.0,0.0,0.0,-0.016573251402834,0.0,0.0
snR128_YJL064W,0.0,0.0,0.0,0.0,0.010822931993823,0.0110944918422244,0.0
snR128_YLR204W,0.0,0.0,0.0,0.0,0.0101850678230003,0.0116074093481906,0.0
snR128_YPL271W,0.0,0.0,0.0,0.0,0.0110915570794493,0.0121762742525436,0.0155005149095303
snR40_snR50,0.0,0.0,0.0,0.0,0.0135891620788801,0.0,0.0
snR40_snR59,0.0,0.0,0.0,0.0,0.0142014471053434,0.0159095670979404,0.0
YOR302W_snR77,0.0,0.0,0.0,0.0,0.0818148302475647,0.0,0.0
YOR302W_YML129C,0.0,0.0,0.0,0.0,0.0521263140752945,0.0,0.0
snR24_snR71,0.0,0.0,0.0,0.0,0.0159756865550836,0.037601006308083,0.0466404028330644
snR39B_snR76,0.0,0.0,0.0,0.0,0.0754714593346174,0.0,0.0
snR79_snR54,0.0,0.0,0.0,0.0,0.0427780329575624,0.0,0.0
snR79_snR60,0.0,0.0,0.0,0.0,0.0193859952224826,0.0,0.0
snR18_snR39,0.184635135738049,0.118016287863027,0.124896372039276,0.14927955524917,0.172049412103885,0.206599166562072,0.182845728091289
YLR402W_YGR063C,0.0090765098764815,0.0083347813327482,0.0074534028341296,0.0,0.0169030266348217,0.0134599119618231,0.0157247179284897
YLR402W_YDR276C,0.0245355727094031,0.0232559428746157,0.0214773483802264,0.0226275328800516,0.0503145130691003,0.034074599043876,0.0393906583442839
YLR402W_snR128,0.0252811841171665,0.0,0.0,0.0,0.032872413653714,0.0366560953511731,0.0513489936786739
YOR302W_snR128,0.0349369707154903,0.0,0.0,0.0,0.0,0.0416527604565348,0.0708803014863173
snR39_YIL008W,0.0099353154405228,0.0095107161651511,0.0098240029134627,0.012581692360381,0.0,0.0125285536704189,0.0
snR39_snR18,0.180879785450929,0.115364741371401,0.119495715530745,0.146133059089427,0.172256436771327,0.206356522206158,0.185452329073319
snR39_snR87,0.114000106299134,0.0758394074134836,0.0865730322154882,0.127226886310558,0.0,0.0832095258318601,0.0
snR39_YNL145W,0.0165236143264176,0.0243210318633472,0.0221027144719339,0.0,0.0,0.0397371824725087,0.0
snR39_snR38,0.026257734915843,0.0455767095598464,0.0503010759670934,0.0577359739470038,0.0,0.0251293129515171,0.0
snR39_snR72,0.0260013455649158,0.0386812172988238,0.0398682804713792,0.0518985507113415,0.0,0.0344975832032536,0.0
snR39_snR70,0.012240323204738,0.0,0.0,0.0,0.015140303282789,0.011712338714517,0.0
snR39_snR59,-0.107466459885162,0.0,0.0,0.036131664103737,0.0,0.0659624031161528,0.0
YPR182W_YLR402W,0.0,0.0254213960024019,0.0247903142266866,0.0,0.0480847206085284,0.0385062195386234,0.0391677340573215
YPR182W_YMR256C,0.0,0.0083594989945246,0.0081530316119687,0.0,0.0,0.0140824043600605,0.0142021981450237
YPR182W_YDR482C,0.0,0.0084034490233912,0.0,0.0,0.0,0.0109553658362937,0.0110651844614024
YDL232W_snR87,0.0,0.102190293367814,0.0,0.0,0.0905859307488944,0.087906925031628,0.0744374054354003
YDL232W_YNL145W,0.0,0.0309211048350792,0.0328190100129131,0.0294683461210179,0.0673722951377199,0.0390726220124311,0.0548290451269491
YDL232W_snR39,0.0,0.140071609102842,0.132576915543858,0.138209287300002,0.201085369270482,0.200156495081639,0.210271642963166
snR18_snR189,0.0,0.0200595392384404,0.0203796220496944,0.0,0.0,0.0190152075062606,0.0
snR18_YIL008W,0.0,0.0065581477816468,0.0,0.0,0.0103022203600215,0.0120998136749487,0.0
snR18_snR69,0.0,0.0504873735667527,0.0430854383880282,0.0,0.0728889507894696,0.0811478715650294,0.0
snR18_YBL073W,0.0,0.0061379358925817,0.0,0.0,0.0093462241793198,0.0125038445903339,0.0
snR18_YIR044C,0.0,0.0111419679688738,0.0127836960941563,0.0,0.0,0.0156502720078006,0.0120913999948378
snR18_YNL015W,0.0,0.0119855530488142,0.0,0.0,0.0,0.0221805987904165,0.0
YLR402W_YOR302W,0.0,0.0346088921099838,0.0354275048378714,0.0,0.0489449818000944,0.0597665270787718,0.0902347211850379
YLR402W_YMR256C,0.0,0.008990198181145,0.0080068461239061,0.0093312106735875,0.0189616734258748,0.0199654805221785,0.024404551851982
YLR402W_YJR085C,0.0,0.0087939472582117,0.0,0.0099405726493153,0.0176935934400576,0.0173319306016629,0.0214968069458935
YLR402W_YPL271W,0.0,0.0116454880031751,0.0110944193066218,0.010197048738468,0.0183498700725971,0.0163773542197409,0.0
snR40_YJL205C,0.0,0.0186373145365553,0.0244402345753253,0.0,0.0135043864301848,0.0162877547521919,0.0139819458693279
snR40_YKR057W,0.0,0.0235183682360388,0.0304846200329935,0.0,0.0151143795152291,0.0162467199960852,0.0131801860407976
snR40_snR85,0.0,0.0215663844446076,0.0237472146450607,0.0,0.0131422117933668,0.0168440536773192,0.0147325814404286
YOR302W_YPR182W,0.0,0.0326517832375277,0.0,0.0,0.046440460735094,0.0438215685281605,0.0
YOR302W_YGR063C,0.0,0.0104492841363551,0.0115520876963535,0.0,0.0,0.014889737694708,0.0
YOR302W_YLR402W,0.0,0.0332945398629484,0.0,0.0,0.0452527828409737,0.0575609766723421,0.0896657244288589
YOR302W_YDR276C,0.0,0.0258536672102677,0.0298020184197206,0.0,0.0446975421278226,0.0371996196451514,0.0
YOR302W_YMR256C,0.0,0.0110793638943793,0.0115881103833193,0.0,0.0,0.0215475685959889,0.0367902466146137
YOR302W_YNR042W,0.0,0.0077481190909265,0.0,0.0,0.0,0.0129604890088501,0.0
YOR302W_YJR085C,0.0,0.0105921925031161,0.0,0.0,0.0,0.0190407994474749,0.0
YOR302W_YPL271W,0.0,0.0138616595358134,0.0155401629772961,0.0,0.0,0.0182839665699424,0.0
snR39_YDL232W,0.0,0.150597434331763,0.139291867679617,0.15345308464936,0.210629688473001,0.201356007988435,0.217614469654282
snR39_YNL015W,0.0,0.016660881277589,0.0171787504596705,0.0158964649777947,0.0,0.0211900251140159,0.0
snR39B_snR79,0.0,0.0862169176856823,0.0978136215160315,0.103115690505646,0.159208523324648,0.0919391979265665,0.0533273369382538
snR79_YOL109W,0.0,0.0147286308819826,0.0104079130408831,0.0,0.0,0.0109309654517181,0.0
snR79_YOR210W,0.0,0.037898661760866,0.0,0.0,0.0,0.0153359222596831,0.0
snR79_YDR210W,0.0,0.0292737513178184,0.0,0.0,0.0,0.0360525410348117,0.0
snR79_YMR174C,0.0,0.0316467827787839,0.0,0.0,0.0,0.0192702574265216,0.0
snR79_snR39B,0.0,0.0902048932730771,0.0977814438284611,0.108968812988753,0.159744331064272,0.0913431129176414,0.0501795785695324
snR79_YIL087C,0.0,0.0168606662225601,0.0,0.0,0.0,0.0149795069347259,0.0143366648374144
YLR402W_YPR182W,0.0,0.0,0.0251310037180021,0.0267864729131813,0.0485672383207029,0.0387224446109973,0.0
snR39_snR69,0.0,0.0,0.0500026428989868,0.0425439096512875,0.0750620858564518,0.0813895569614457,0.0
snR39_snR78,0.0,0.0,0.0445575051350725,0.0466032422574013,0.0,0.039016538795019,0.0455609363238263
YDL232W_snR74,0.0,0.0,0.0,0.0438690085638085,0.0640019735402592,0.0271234886350127,0.0306461258404111
YDL232W_YNL015W,0.0,0.0,0.0,0.0158378923589214,0.0255667406399089,0.0211584117427657,0.0334974096608712
snR39_snR189,0.0,0.0,0.0,0.0217788753393513,0.0,0.0188676750779103,0.0
snR39_YIR044C,0.0,0.0,0.0,0.0160017667192174,0.0,0.0145801442868895,0.0098932231689206
snR79_YDR461W,0.0,0.0,0.0,0.0398793083424063,0.0457160322482327,0.0321480988842879,0.0332694908272418
YDL232W_YIL008W,0.0,0.0,0.0,0.0,0.0160707533144564,0.013164071495201,0.0140921158200834
YDL232W_snR18,0.0,0.0,0.0,0.0,0.170980172649272,0.197701933450775,0.257393808084089
YDL232W_snR69,0.0,0.0,0.0,0.0,0.0839455947339679,0.0818217533486746,0.0938109761384995
YDL232W_YBL073W,0.0,0.0,0.0,0.0,0.0124123353704098,0.0123157592291436,0.0135041753735212
YDL232W_snR38,0.0,0.0,0.0,0.0,0.0250107505435191,0.0265421447140571,0.0424922740124241
YDL232W_snR6,0.0,0.0,0.0,0.0,0.0382283524785127,0.0168647156540677,0.0
YDL232W_snR72,0.0,0.0,0.0,0.0,0.0483420260671081,0.0326859415244401,0.0341850513128916
YDL232W_snR70,0.0,0.0,0.0,0.0,0.0186292304800039,0.0126522830489038,0.0
YDL232W_snR78,0.0,0.0,0.0,0.0,0.0451285984912987,0.0366978862449934,0.0626436218620941
snR18_YDL232W,0.0,0.0,0.0,0.0,0.175152757257781,0.198742442901678,0.262718758182356
snR18_snR56,0.0,0.0,0.0,0.0,0.0100831881845695,0.0110226518626875,0.0
snR18_YLL009C,0.0,0.0,0.0,0.0,0.0174932293712829,0.0178112080387802,0.0
snR18_snR59,0.0,0.0,0.0,0.0,0.0376868301747198,0.0655033166741889,0.0
snR18_snR78,0.0,0.0,0.0,0.0,0.0300517235848933,0.0420103946224826,0.0
YLR402W_YDR511W,0.0,0.0,0.0,0.0,0.0104861162067136,0.0100157336113256,0.0
YLR402W_YML058W,0.0,0.0,0.0,0.0,0.015367223386864,0.0142444652638966,0.0
YLR402W_YLR110C,0.0,0.0,0.0,0.0,0.0177351562844935,0.0157892985963407,0.0156467431820639
YLR402W_YMR002W,0.0,0.0,0.0,0.0,0.0236540673205855,0.021180531191271,0.023572531983412
YLR402W_YPL037C,0.0,0.0,0.0,0.0,0.0143633483051157,0.0136330285231731,0.0
YLR402W_YGR236C,0.0,0.0,0.0,0.0,0.0196323495466805,0.0180961313823357,0.0
YLR402W_YBR016W,0.0,0.0,0.0,0.0,0.0194631105623284,0.0171862107718352,0.0
YLR402W_YJR114W,0.0,0.0,0.0,0.0,0.0213365596737357,0.0190522648332213,0.0204615224796734
YLR402W_YNR042W,0.0,0.0,0.0,0.0,0.0120073050126268,0.0116531499997541,0.0134942274979606
YLR402W_snR39B,0.0,0.0,0.0,0.0,0.0550174348207406,0.0617073186634608,0.0
YLR402W_YDL032W,0.0,0.0,0.0,0.0,0.0113232401306251,0.0100474165916618,0.0
snR40_YDL061C,0.0,0.0,0.0,0.0,0.0231053809628442,0.017177148198823,0.0
snR24_snR71,0.0,0.0,0.0,0.0,0.0159756865550836,0.037601006308083,0.0466404028330644
YPR182W_YJL064W,0.0,0.0,0.0,0.0,0.0,0.0118017608183139,0.0113054684489777
YDL232W_snR189,0.0,0.0,0.0,0.0,0.0,0.0189987101712343,0.0181827225501267
YDL232W_YIR044C,0.0,0.0,0.0,0.0,0.0,0.013982896426236,0.0134707890781855
YDL232W_YLL009C,0.0,0.0,0.0,0.0,0.0,0.0174263939828639,0.0243024633992398
YDL232W_snR59,0.0,0.0,0.0,0.0,0.0,0.0682258548877026,0.128466863790974
snR18_YNL145W,0.0,0.0,0.0,0.0,0.0,0.0409142598628539,0.0484590636115264
snR18_snR74,0.0,0.0,0.0,0.0,0.0,0.0296242514445642,0.0
snR18_snR38,0.0,0.0,0.0,0.0,0.0,0.0242719084601984,0.0
snR18_snR6,0.0,0.0,0.0,0.0,0.0,0.0193185086623931,0.0
snR18_snR72,0.0,0.0,0.0,0.0,0.0,0.0367624016998533,0.0
snR18_snR65,0.0,0.0,0.0,0.0,0.0,0.0530865541533385,0.0
YLR402W_YLR315W,0.0,0.0,0.0,0.0,0.0,0.010681613279081,0.0
YLR402W_YLR327C,0.0,0.0,0.0,0.0,0.0,0.0141950830978493,0.0
YLR402W_YDR461W,0.0,0.0,0.0,0.0,0.0,0.02154942729679,0.0280379664577975
YLR402W_YER153C,0.0,0.0,0.0,0.0,0.0,0.010077320037045,0.0
YLR402W_YDR210W,0.0,0.0,0.0,0.0,0.0,0.0241048834810569,0.0257132278559145
YLR402W_YDR377W,0.0,0.0,0.0,0.0,0.0,0.0143592536943668,0.0149707987206005
YLR402W_snR79,0.0,0.0,0.0,0.0,0.0,0.0756236490363371,0.0722035786863703
YLR402W_YIL087C,0.0,0.0,0.0,0.0,0.0,0.0101953187979869,0.0120838240717817
snR76_snR71,0.0,0.0,0.0,0.0,0.0,0.0301477036572618,0.0
snR76_snR24,0.0,0.0,0.0,0.0,0.0,0.0474371007139132,0.048650899793253
snR76_snR51,0.0,0.0,0.0,0.0,0.0,0.0155360098236845,0.0
snR87_snR69,0.0,0.0,0.0,0.0,0.0,0.033165880906711,0.0
snR64_snR40,0.0,0.0,0.0,0.0,0.0,0.020301654776656,0.0201265309472608
snR64_snR85,0.0,0.0,0.0,0.0,0.0,0.0124813419677646,0.0127201402174628
snR128_snR8,0.0,0.0,0.0,0.0,0.0,0.0170265820405499,0.0
snR40_YML129C,0.0,0.0,0.0,0.0,0.0,0.0195865531679062,0.0173951559502421
YOR302W_YLR315W,0.0,0.0,0.0,0.0,0.0,0.0118230305957092,0.0
YOR302W_YDR511W,0.0,0.0,0.0,0.0,0.0,0.0111316506669275,0.0
YOR302W_YML058W,0.0,0.0,0.0,0.0,0.0,0.015391636079315,0.0
YOR302W_YLR327C,0.0,0.0,0.0,0.0,0.0,0.0158214959098018,0.0
YOR302W_YHR193C,0.0,0.0,0.0,0.0,0.0,0.0101881941193999,0.0
YOR302W_YMR002W,0.0,0.0,0.0,0.0,0.0,0.0235233666772912,0.0
YOR302W_YDL012C,0.0,0.0,0.0,0.0,0.0,0.0123188495967893,0.0
YOR302W_YPL037C,0.0,0.0,0.0,0.0,0.0,0.014932380040492,0.0
YOR302W_YGR236C,0.0,0.0,0.0,0.0,0.0,0.0195778445401436,0.0
YOR302W_YER153C,0.0,0.0,0.0,0.0,0.0,0.0112552031379494,0.0
YOR302W_YDR210W,0.0,0.0,0.0,0.0,0.0,0.0258963122444409,0.0
YOR302W_YFR049W,0.0,0.0,0.0,0.0,0.0,0.0144080314173258,0.0
YOR302W_YOL039W,0.0,0.0,0.0,0.0,0.0,0.0108348752449259,0.0
YOR302W_YDL181W,0.0,0.0,0.0,0.0,0.0,0.0160596560122587,0.0
YOR302W_YIR016W,0.0,0.0,0.0,0.0,0.0,0.0104730217537975,0.0
YOR302W_YBR016W,0.0,0.0,0.0,0.0,0.0,0.0189927202915777,0.0
YOR302W_YLR437C,0.0,0.0,0.0,0.0,0.0,0.0138808974067649,0.0
YOR302W_YDR482C,0.0,0.0,0.0,0.0,0.0,0.0158358464197712,0.0
YOR302W_YJR114W,0.0,0.0,0.0,0.0,0.0,0.0208719709421857,0.0
YOR302W_YDR377W,0.0,0.0,0.0,0.0,0.0,0.0154501181662482,0.0
YOR302W_snR39B,0.0,0.0,0.0,0.0,0.0,0.0658109114151865,0.0
YOR302W_YDL032W,0.0,0.0,0.0,0.0,0.0,0.0112355162366466,0.0
YOR302W_YJL064W,0.0,0.0,0.0,0.0,0.0,0.0170318292035841,0.0
YOR302W_snR79,0.0,0.0,0.0,0.0,0.0,0.0818699362092806,0.10420324616748
YOR302W_YLR204W,0.0,0.0,0.0,0.0,0.0,0.0170350242635289,0.0
YOR302W_YIL087C,0.0,0.0,0.0,0.0,0.0,0.0111625118890037,0.0
snR24_snR76,0.0,0.0,0.0,0.0,0.0,0.0476276375464348,0.0
snR50_snR64,0.0,0.0,0.0,0.0,0.0,0.0125165378350612,0.0
snR39_snR56,0.0,0.0,0.0,0.0,0.0,0.0104080436971874,0.0
snR39_YBL073W,0.0,0.0,0.0,0.0,0.0,0.012159191496984,0.0
snR39_snR74,0.0,0.0,0.0,0.0,0.0,0.0282468760734331,0.0
snR39_YLL009C,0.0,0.0,0.0,0.0,0.0,0.0173651768684655,0.0
snR39_snR6,0.0,0.0,0.0,0.0,0.0,0.0177910036553136,0.0
snR39_snR65,0.0,0.0,0.0,0.0,0.0,0.0471625168343987,0.0
snR79_YPR182W,0.0,0.0,0.0,0.0,0.0,0.0553147751990268,0.0490173262674626
snR79_YLR315W,0.0,0.0,0.0,0.0,0.0,0.0155825670444572,0.0
snR79_YDR511W,0.0,0.0,0.0,0.0,0.0,0.0145780776242458,0.0
snR79_YCL035C,0.0,0.0,0.0,0.0,0.0,0.0127942215751373,0.0
snR79_YML058W,0.0,0.0,0.0,0.0,0.0,0.0212902243992104,0.0
snR79_YGR063C,0.0,0.0,0.0,0.0,0.0,0.01950427517712,0.018923556023802
snR79_YLR402W,0.0,0.0,0.0,0.0,0.0,0.0770967567805306,0.0743982868758003
snR79_YLR295C,0.0,0.0,0.0,0.0,0.0,0.0116038980043453,0.0
snR79_YLR110C,0.0,0.0,0.0,0.0,0.0,0.0236536477719732,0.0
snR79_YLR327C,0.0,0.0,0.0,0.0,0.0,0.0206370578016201,0.0
snR79_YDR276C,0.0,0.0,0.0,0.0,0.0,0.0501843578021839,0.0
snR79_YHR193C,0.0,0.0,0.0,0.0,0.0,0.0138950435993655,0.0
snR79_YMR002W,0.0,0.0,0.0,0.0,0.0,0.0304564920320611,0.029537005079046
snR79_snR128,0.0,0.0,0.0,0.0,0.0,0.0525738177453802,0.0604585928816687
snR79_YDR193W,0.0,0.0,0.0,0.0,0.0,0.0123172279555243,0.0
snR79_YDR476C,0.0,0.0,0.0,0.0,0.0,0.0174416907554096,0.0
snR79_YFL067W,0.0,0.0,0.0,0.0,0.0,0.0102705637894202,0.0
snR79_YDL012C,0.0,0.0,0.0,0.0,0.0,0.0158571938187608,0.0
snR79_YPL037C,0.0,0.0,0.0,0.0,0.0,0.0201436526789022,0.0
snR79_YKL156W,0.0,0.0,0.0,0.0,0.0,0.0178408925064265,0.0
snR79_YMR107W,0.0,0.0,0.0,0.0,0.0,0.0103043989471135,0.0
snR79_YGR236C,0.0,0.0,0.0,0.0,0.0,0.0270056322875319,0.0
snR79_YDR134C,0.0,0.0,0.0,0.0,0.0,0.0121806270225532,0.0
snR79_YKR046C,0.0,0.0,0.0,0.0,0.0,0.0128250474852324,0.0
snR79_YER153C,0.0,0.0,0.0,0.0,0.0,0.014399977306229,0.0146298872087267
snR79_YOR302W,0.0,0.0,0.0,0.0,0.0,0.0866600605487457,0.108379812529243
snR79_YDR408C,0.0,0.0,0.0,0.0,0.0,0.0115655728985648,0.01253594389437
snR79_YOR146W,0.0,0.0,0.0,0.0,0.0,0.0143669600102573,0.0137481194051311
snR79_YFR049W,0.0,0.0,0.0,0.0,0.0,0.0186878404397369,0.0
snR79_YDR077W,0.0,0.0,0.0,0.0,0.0,0.0108139378755979,0.0
snR79_YHR189W,0.0,0.0,0.0,0.0,0.0,0.0100740764929006,0.0
snR79_YOL039W,0.0,0.0,0.0,0.0,0.0,0.0141171881395156,0.0
snR79_YDL181W,0.0,0.0,0.0,0.0,0.0,0.0213747515889497,0.0
snR79_YGR209C,0.0,0.0,0.0,0.0,0.0,0.01245872310121,0.0
snR79_YER058W,0.0,0.0,0.0,0.0,0.0,0.0127538451959625,0.0125495830931518
snR79_YIR016W,0.0,0.0,0.0,0.0,0.0,0.0140630319907407,0.0123976339383022
snR79_YNL055C,0.0,0.0,0.0,0.0,0.0,0.0106118644463756,0.0
snR79_YBR016W,0.0,0.0,0.0,0.0,0.0,0.0249816053741808,0.0225386937319096
snR79_YCR063W,0.0,0.0,0.0,0.0,0.0,0.0106797597906143,0.0097639716531225
snR79_YIR009W,0.0,0.0,0.0,0.0,0.0,0.0128896853548199,0.0
snR79_YLR437C,0.0,0.0,0.0,0.0,0.0,0.0175806454501329,0.0
snR79_YAR020C,0.0,0.0,0.0,0.0,0.0,0.0171348873046289,0.0
snR79_YBL021C,0.0,0.0,0.0,0.0,0.0,0.0152327387361601,0.0
snR79_YMR256C,0.0,0.0,0.0,0.0,0.0,0.0292935273731646,0.0297531495554287
snR79_YDR482C,0.0,0.0,0.0,0.0,0.0,0.0200344741522383,0.0
snR79_YOR122C,0.0,0.0,0.0,0.0,0.0,0.0119389602000628,0.0
snR79_YGR027C,0.0,0.0,0.0,0.0,0.0,0.0120414833940249,0.0
snR79_YER121W,0.0,0.0,0.0,0.0,0.0,0.0102334277366174,0.0
snR79_YJR114W,0.0,0.0,0.0,0.0,0.0,0.0279234512797546,0.0244552106216551
snR79_YBL006C,0.0,0.0,0.0,0.0,0.0,0.0108216801654196,0.0
snR79_YDR377W,0.0,0.0,0.0,0.0,0.0,0.021411967208165,0.0174382115639313
snR79_YDR073W,0.0,0.0,0.0,0.0,0.0,0.0107850396715692,0.0
snR79_YNR042W,0.0,0.0,0.0,0.0,0.0,0.0168952182667528,0.0
snR79_YPL234C,0.0,0.0,0.0,0.0,0.0,0.010437207307378,0.0
snR79_YIR022W,0.0,0.0,0.0,0.0,0.0,0.0105968620976712,0.0
snR79_YJR085C,0.0,0.0,0.0,0.0,0.0,0.0255394985931132,0.0
snR79_YDL032W,0.0,0.0,0.0,0.0,0.0,0.0143462622185032,0.0
snR79_YJL064W,0.0,0.0,0.0,0.0,0.0,0.0216541238928943,0.0
snR79_YOL012C,0.0,0.0,0.0,0.0,0.0,0.0114700808726219,0.0
snR79_YLR204W,0.0,0.0,0.0,0.0,0.0,0.0219457096065898,0.0
snR79_YPL271W,0.0,0.0,0.0,0.0,0.0,0.0237059892736994,0.0
snR18_snR39,0.184635135738049,0.118016287863027,0.124896372039276,0.14927955524917,0.172049412103885,0.206599166562072,0.182845728091289
YLR402W_YGR063C,0.0090765098764815,0.0083347813327482,0.0074534028341296,0.0,0.0169030266348217,0.0134599119618231,0.0157247179284897
YLR402W_YDR276C,0.0245355727094031,0.0232559428746157,0.0214773483802264,0.0226275328800516,0.0503145130691003,0.034074599043876,0.0393906583442839
YLR402W_snR128,0.0252811841171665,0.0,0.0,0.0,0.032872413653714,0.0366560953511731,0.0513489936786739
YDR276C_snR77,0.033312073434169,0.0433887120553122,0.0478387797668326,0.0540907416203536,0.0,0.0,0.0232508233951903
snR128_YOR302W,0.0343577677540254,0.0,0.0,0.0331260901394541,0.0336423119094064,0.0411058349311362,0.0701275762770194
YOR302W_snR128,0.0349369707154903,0.0,0.0,0.0,0.0,0.0416527604565348,0.0708803014863173
snR39_snR18,0.180879785450929,0.115364741371401,0.119495715530745,0.146133059089427,0.172256436771327,0.206356522206158,0.185452329073319
YPR182W_YML129C,0.0,0.0311022563629053,0.0311163790585173,0.0324226856681085,0.0400100590776611,0.0,0.0163287644254083
YPR182W_YDR482C,0.0,0.0084034490233912,0.0,0.0,0.0,0.0109553658362937,0.0110651844614024
YPR182W_YLR204W,0.0,0.009815092208101,0.0,0.0,0.0,0.0118424866497534,0.0114039503480698
YPR182W_YPL271W,0.0,0.0107663822784136,0.011001544449942,0.0108872689804068,0.0171645645571737,0.0126103565675934,0.0126762436508196
YDL232W_snR87,0.0,0.102190293367814,0.0,0.0,0.0905859307488944,0.087906925031628,0.0744374054354003
YDL232W_YNL145W,0.0,0.0309211048350792,0.0328190100129131,0.0294683461210179,0.0673722951377199,0.0390726220124311,0.0548290451269491
YDL232W_snR39,0.0,0.140071609102842,0.132576915543858,0.138209287300002,0.201085369270482,0.200156495081639,0.210271642963166
snR18_YIR044C,0.0,0.0111419679688738,0.0127836960941563,0.0,0.0,0.0156502720078006,0.0120913999948378
YLR402W_YOR302W,0.0,0.0346088921099838,0.0354275048378714,0.0,0.0489449818000944,0.0597665270787718,0.0902347211850379
YLR402W_YER058W,0.0,0.0064222844745773,0.006172667816391,0.0073899499212537,0.0107528902305931,0.0088278192240043,0.0103167200930371
YLR402W_YMR256C,0.0,0.008990198181145,0.0080068461239061,0.0093312106735875,0.0189616734258748,0.0199654805221785,0.024404551851982
YLR402W_YJR085C,0.0,0.0087939472582117,0.0,0.0099405726493153,0.0176935934400576,0.0173319306016629,0.0214968069458935
snR64_snR55,0.0,0.0317131694065194,0.0268503464285814,0.0,0.0,0.0,0.0116292179374209
snR40_YJL205C,0.0,0.0186373145365553,0.0244402345753253,0.0,0.0135043864301848,0.0162877547521919,0.0139819458693279
snR40_YLR264W,0.0,0.0156011582933785,0.0171918595849722,0.0,0.0118427321199523,0.0,0.0114956156595855
snR40_snR81,0.0,0.0114842416950864,0.0,0.0,0.0,0.0,0.0131015627418112
snR40_YKR057W,0.0,0.0235183682360388,0.0304846200329935,0.0,0.0151143795152291,0.0162467199960852,0.0131801860407976
snR40_snR85,0.0,0.0215663844446076,0.0237472146450607,0.0,0.0131422117933668,0.0168440536773192,0.0147325814404286
YOR302W_snR18,0.0,0.0527629471816014,0.0567407115743157,0.0727697098377392,0.0,0.0,-0.0848759732831223
YOR302W_YLR402W,0.0,0.0332945398629484,0.0,0.0,0.0452527828409737,0.0575609766723421,0.0896657244288589
YOR302W_YMR256C,0.0,0.0110793638943793,0.0115881103833193,0.0,0.0,0.0215475685959889,0.0367902466146137
snR39_YDL232W,0.0,0.150597434331763,0.139291867679617,0.15345308464936,0.210629688473001,0.201356007988435,0.217614469654282
snR39B_snR64,0.0,0.045252888612534,0.0393245532251204,0.0,0.0,0.0,0.024457464652927
snR79_snR39B,0.0,0.0902048932730771,0.0977814438284611,0.108968812988753,0.159744331064272,0.0913431129176414,0.0501795785695324
snR79_YIL087C,0.0,0.0168606662225601,0.0,0.0,0.0,0.0149795069347259,0.0143366648374144
snR59_YDL232W,0.0,0.0,0.0266573871192244,0.0365789185562585,0.0423732063265684,0.0685421784597179,0.130458793281969
snR39_snR78,0.0,0.0,0.0445575051350725,0.0466032422574013,0.0,0.039016538795019,0.0455609363238263
YDL232W_snR74,0.0,0.0,0.0,0.0438690085638085,0.0640019735402592,0.0271234886350127,0.0306461258404111
YDL232W_YNL015W,0.0,0.0,0.0,0.0158378923589214,0.0255667406399089,0.0211584117427657,0.0334974096608712
YDR461W_snR66,0.0,0.0,0.0,0.0068699479149324,0.0,0.0,-0.0136973057961085
snR59_snR69,0.0,0.0,0.0,0.0085390335650785,0.0150624702546262,0.0268456241297743,0.0423101389506785
snR79_YDR461W,0.0,0.0,0.0,0.0398793083424063,0.0457160322482327,0.0321480988842879,0.0332694908272418
YDL232W_YIL008W,0.0,0.0,0.0,0.0,0.0160707533144564,0.013164071495201,0.0140921158200834
YDL232W_snR18,0.0,0.0,0.0,0.0,0.170980172649272,0.197701933450775,0.257393808084089
YDL232W_snR69,0.0,0.0,0.0,0.0,0.0839455947339679,0.0818217533486746,0.0938109761384995
YDL232W_YBL073W,0.0,0.0,0.0,0.0,0.0124123353704098,0.0123157592291436,0.0135041753735212
YDL232W_snR38,0.0,0.0,0.0,0.0,0.0250107505435191,0.0265421447140571,0.0424922740124241
YDL232W_snR72,0.0,0.0,0.0,0.0,0.0483420260671081,0.0326859415244401,0.0341850513128916
YDL232W_snR78,0.0,0.0,0.0,0.0,0.0451285984912987,0.0366978862449934,0.0626436218620941
snR18_YDL232W,0.0,0.0,0.0,0.0,0.175152757257781,0.198742442901678,0.262718758182356
YLR402W_YLR110C,0.0,0.0,0.0,0.0,0.0177351562844935,0.0157892985963407,0.0156467431820639
YLR402W_YHR193C,0.0,0.0,0.0,0.0,0.0095642249659985,0.00940032229999,0.0101132171708356
YLR402W_YMR002W,0.0,0.0,0.0,0.0,0.0236540673205855,0.021180531191271,0.023572531983412
YLR402W_YJR114W,0.0,0.0,0.0,0.0,0.0213365596737357,0.0190522648332213,0.0204615224796734
YLR402W_YNR042W,0.0,0.0,0.0,0.0,0.0120073050126268,0.0116531499997541,0.0134942274979606
snR128_YPR182W,0.0,0.0,0.0,0.0,0.0287277111227352,0.0291261776910848,0.0331790751020796
snR128_YLR402W,0.0,0.0,0.0,0.0,0.0312295589864316,0.0357564670171852,0.0507157857509702
snR128_YPL271W,0.0,0.0,0.0,0.0,0.0110915570794493,0.0121762742525436,0.0155005149095303
snR24_snR71,0.0,0.0,0.0,0.0,0.0159756865550836,0.037601006308083,0.0466404028330644
YPR182W_YML058W,0.0,0.0,0.0,0.0,0.0,0.0103161859359239,0.0101799405474915
YPR182W_YLR327C,0.0,0.0,0.0,0.0,0.0,0.010929556548223,0.0107343000744421
YPR182W_YDL181W,0.0,0.0,0.0,0.0,0.0,0.0111131536854155,0.0111979914925663
YPR182W_YJL064W,0.0,0.0,0.0,0.0,0.0,0.0118017608183139,0.0113054684489777
YDL232W_snR189,0.0,0.0,0.0,0.0,0.0,0.0189987101712343,0.0181827225501267
YDL232W_YIR044C,0.0,0.0,0.0,0.0,0.0,0.013982896426236,0.0134707890781855
YDL232W_YLL009C,0.0,0.0,0.0,0.0,0.0,0.0174263939828639,0.0243024633992398
YDL232W_snR59,0.0,0.0,0.0,0.0,0.0,0.0682258548877026,0.128466863790974
snR18_YNL145W,0.0,0.0,0.0,0.0,0.0,0.0409142598628539,0.0484590636115264
YLR402W_YDR461W,0.0,0.0,0.0,0.0,0.0,0.02154942729679,0.0280379664577975
YLR402W_YDR210W,0.0,0.0,0.0,0.0,0.0,0.0241048834810569,0.0257132278559145
YLR402W_YDR377W,0.0,0.0,0.0,0.0,0.0,0.0143592536943668,0.0149707987206005
YLR402W_snR79,0.0,0.0,0.0,0.0,0.0,0.0756236490363371,0.0722035786863703
YLR402W_YIL087C,0.0,0.0,0.0,0.0,0.0,0.0101953187979869,0.0120838240717817
snR76_snR24,0.0,0.0,0.0,0.0,0.0,0.0474371007139132,0.048650899793253
snR69_snR38,0.0,0.0,0.0,0.0,0.0,0.0105414294117583,0.0139987620293431
snR69_snR59,0.0,0.0,0.0,0.0,0.0,0.0270466551272001,0.0432579041323925
YDR276C_YML058W,0.0,0.0,0.0,0.0,0.0,0.009651611501027,0.0106134790619095
YDR276C_YGR236C,0.0,0.0,0.0,0.0,0.0,0.012227968401119,0.0128442157351217
snR64_YDL061C,0.0,0.0,0.0,0.0,0.0,0.0120315138812129,0.0116310843902632
snR64_YML129C,0.0,0.0,0.0,0.0,0.0,0.0156235259958064,0.0135940129773352
snR64_snR40,0.0,0.0,0.0,0.0,0.0,0.020301654776656,0.0201265309472608
snR64_YKR057W,0.0,0.0,0.0,0.0,0.0,0.0111566081813221,0.0111700874286054
snR64_snR85,0.0,0.0,0.0,0.0,0.0,0.0124813419677646,0.0127201402174628
snR128_YML058W,0.0,0.0,0.0,0.0,0.0,0.0104373989161261,0.0131062822274919
snR128_YGR063C,0.0,0.0,0.0,0.0,0.0,0.0093512985655022,0.0127635542054767
snR128_YLR110C,0.0,0.0,0.0,0.0,0.0,0.0106729556963489,0.0128742407168085
snR128_YDR276C,0.0,0.0,0.0,0.0,0.0,0.0241369536466089,0.0325890166281061
snR128_YMR002W,0.0,0.0,0.0,0.0,0.0,0.0143041916192566,0.0190505820639256
snR128_YDL012C,0.0,0.0,0.0,0.0,0.0,0.0080741910333902,0.0103663512355488
snR128_YPL037C,0.0,0.0,0.0,0.0,0.0,0.0101732705053194,0.0121114192189485
snR128_YGR236C,0.0,0.0,0.0,0.0,0.0,0.013230500474006,0.0159514742130459
snR128_YDR210W,0.0,0.0,0.0,0.0,0.0,0.0169512872708089,0.0210658181995817
snR128_YFR049W,0.0,0.0,0.0,0.0,0.0,0.0099331801770183,0.0119502003225775
snR128_YDL181W,0.0,0.0,0.0,0.0,0.0,0.0115073264594613,0.0137129107754896
snR128_YBR016W,0.0,0.0,0.0,0.0,0.0,0.0121375561578684,0.0152826930637663
snR128_YJR114W,0.0,0.0,0.0,0.0,0.0,0.0133581051902986,0.0167802873797459
snR128_YDR377W,0.0,0.0,0.0,0.0,0.0,0.0099760080163945,0.0122313525782023
snR128_YNR042W,0.0,0.0,0.0,0.0,0.0,0.00850480333272,0.0110698282605874
snR128_YJR085C,0.0,0.0,0.0,0.0,0.0,0.0129712296770868,0.0176557346909458
snR40_YML129C,0.0,0.0,0.0,0.0,0.0,0.0195865531679062,0.0173951559502421
YOR302W_snR79,0.0,0.0,0.0,0.0,0.0,0.0818699362092806,0.10420324616748
snR59_snR38,0.0,0.0,0.0,0.0,0.0,0.0086011158080269,0.0191384787263156
snR79_YPR182W,0.0,0.0,0.0,0.0,0.0,0.0553147751990268,0.0490173262674626
snR79_YGR063C,0.0,0.0,0.0,0.0,0.0,0.01950427517712,0.018923556023802
snR79_YLR402W,0.0,0.0,0.0,0.0,0.0,0.0770967567805306,0.0743982868758003
snR79_YMR002W,0.0,0.0,0.0,0.0,0.0,0.0304564920320611,0.029537005079046
snR79_snR128,0.0,0.0,0.0,0.0,0.0,0.0525738177453802,0.0604585928816687
snR79_YER153C,0.0,0.0,0.0,0.0,0.0,0.014399977306229,0.0146298872087267
snR79_YOR302W,0.0,0.0,0.0,0.0,0.0,0.0866600605487457,0.108379812529243
snR79_YDR408C,0.0,0.0,0.0,0.0,0.0,0.0115655728985648,0.01253594389437
snR79_YOR146W,0.0,0.0,0.0,0.0,0.0,0.0143669600102573,0.0137481194051311
snR79_YER058W,0.0,0.0,0.0,0.0,0.0,0.0127538451959625,0.0125495830931518
snR79_YIR016W,0.0,0.0,0.0,0.0,0.0,0.0140630319907407,0.0123976339383022
snR79_YBR016W,0.0,0.0,0.0,0.0,0.0,0.0249816053741808,0.0225386937319096
snR79_YMR256C,0.0,0.0,0.0,0.0,0.0,0.0292935273731646,0.0297531495554287
snR79_YJR114W,0.0,0.0,0.0,0.0,0.0,0.0279234512797546,0.0244552106216551
snR79_YDR377W,0.0,0.0,0.0,0.0,0.0,0.021411967208165,0.0174382115639313
YPR182W_snR64,0.0,0.0,0.0,0.0,0.0,0.0,0.0188795769917686
YPR182W_snR40,0.0,0.0,0.0,0.0,0.0,0.0,0.0243309740914943
YPR182W_snR8,0.0,0.0,0.0,0.0,0.0,0.0,0.016077037190221
snR77_snR76,0.0,0.0,0.0,0.0,0.0,0.0,0.0184144454968084
YDL232W_snR50,0.0,0.0,0.0,0.0,0.0,0.0,0.0734935052239929
YML129C_snR85,0.0,0.0,0.0,0.0,0.0,0.0,0.0100313218463176
snR64_YDL067C,0.0,0.0,0.0,0.0,0.0,0.0,0.0127217019123934
snR128_YDR461W,0.0,0.0,0.0,0.0,0.0,0.0,0.0217619711092179
snR128_YMR256C,0.0,0.0,0.0,0.0,0.0,0.0,0.0190108231411217
snR40_snR64,0.0,0.0,0.0,0.0,0.0,0.0,0.0201795696173277
YOR302W_snR66,0.0,0.0,0.0,0.0,0.0,0.0,-0.0431066741875336
YOR302W_YDR461W,0.0,0.0,0.0,0.0,0.0,0.0,0.0423904520821296
YDL067C_snR58,0.0,0.0,0.0,0.0,0.0,0.0,0.0142977708463027
snR39B_YJL205C,0.0,0.0,0.0,0.0,0.0,0.0,0.0177809043585974
snR39B_YML129C,0.0,0.0,0.0,0.0,0.0,0.0,0.0211300517775765
snR39B_snR40,0.0,0.0,0.0,0.0,0.0,0.0,0.0325562851702529
snR39B_YML009C,0.0,0.0,0.0,0.0,0.0,0.0,0.0106194225004973
snR39B_snR81,0.0,0.0,0.0,0.0,0.0,0.0,0.0160504424304088
snR39B_YKR057W,0.0,0.0,0.0,0.0,0.0,0.0,0.0163633934847785
snR39B_YJR020W,0.0,0.0,0.0,0.0,0.0,0.0,0.0106480203979807
snR79_snR62,0.0,0.0,0.0,0.0,0.0,0.0,0.0105066254079832
